Year,State,State ANSI,County,ACRES Planted,ACRES Harvested,Acres Loss,Hectare Planted,Hectare Harvested,Hectare Loss,% of Loss,08-20,09-03,09-17,10-01,10-15,10-29,11-12,11-26,12-10,12-24,01-07,01-21,02-04,02-18,03-03,03-17,03-31,04-14,04-28,05-12,05-26,06-09,06-23,07-07,07-21,08-04,08-18
2020,OHIO,39,Miami,"3,800","3,600",200,1537.8068,1456.8696,80.9372,0.052631579,0.07071685822715126,0.29241651202378,0.3563802278799541,0.31861037809841114,0.3256909789225665,0.05005466876709975,0.03825515202282643,0.018202660031621288,0.004813429548304782,0.375696211846137,0.004476856145552428,0.45000130477878447,0.03660851279162756,0.18466592394455264,0.12875367073135,0.039630796236898067,0.1802961372957634,0.5841687149990478,0.5520465312709482,0.4652941927954091,0.4076075104677193,0.27721051016132336,0.3381727636805248,0.2692030510310615,0.034170862165685836,0.5428463217001742,0.5341618715710205
2020,OHIO,39,Shelby,"9,600","9,000",600,3884.9856,3642.174,242.8116,0.0625,0.27749872409276866,0.11593769082597245,0.39627964252810016,0.303255396329523,0.15693984476421227,0.1266155275480338,0.1415773600248954,-0.007867593493902732,-0.010904861482450744,0.3239163637351688,0.004228221100518825,0.47392706312658067,0.029135715670543964,0.07754635068258142,0.05183477701160398,0.007170902740627091,0.017112793196539175,0.4717368692262303,0.5052975813712606,0.5006839597390982,0.6416168635620868,0.1368791656829157,0.28231497179439713,0.2721267835148289,0.1426942031730906,0.5766663272399521,0.5720134580924899
2020,OKLAHOMA,40,Canadian,"151,500","70,000","81,500",61309.929,28328.02,32981.909,0.537953795,0.2746493874917576,0.24837464103794216,0.3101417743190201,0.3340674874907085,0.360258944549282,0.10689127038467615,0.06704547398507256,0.2509911425221025,-0.0020316374395755138,0.4512507690770904,0.1781602635240662,0.03114610927213125,0.48577597416471374,0.25444112275014663,0.009739427519605584,0.5961193870831504,0.3041546598473225,0.5617656293862661,0.5370838570836343,0.3562896509636373,0.30534459151399207,0.2195397238302791,0.26342130449713397,0.33400399559385335,0.3627289178168822,0.2416080852965516,0.2645092742642394
2020,OKLAHOMA,40,Cleveland,"2,900","1,410","1,490",1173.5894,570.60726,602.98214,0.513793103,0.39748543035273876,0.40636945686758597,0.5003189729228185,0.46342097372315294,0.37184935231691457,-0.024772690184500304,0.009345375363111736,0.27229220355807954,-0.007593402474088968,0.35912120310401624,0.14203853237760988,0.018952202960524363,0.4160600525465152,0.1798282501786088,0.016863814300359953,0.46799425207450507,0.1959916815208554,0.32632936418036906,0.5323502037500235,0.1328546238791656,0.43771435321318986,0.35265067758837315,0.43225716341828635,0.46982793389378685,0.4934875200065631,0.4438528337546747,0.3242790561855954
2020,OKLAHOMA,40,Grady,"73,000","29,300","43,700",29542.078,11857.2998,17684.7782,0.598630137,0.29263525186327277,0.2905558642880185,0.3844902463521989,0.37784758310848876,0.3647129034643501,-0.006967984438904602,-0.010202556134032944,0.3299778274860445,-0.0199548585773898,0.42654079563621655,0.15530796441702452,0.03351089027434799,0.4768536361938774,0.3118995169405436,0.013043942913871823,0.5540309256501377,0.16458285546885046,0.4694961644768413,0.5019995659462699,0.3191941606248214,0.3583101081671086,0.28143323834902745,0.3400498960637484,0.34800431321469955,0.37059993522315765,0.26670881812720093,0.21195420520272745
2020,OKLAHOMA,40,Kingfisher,"199,500","150,500","49,000",80734.857,60905.243,19829.614,0.245614035,0.19773443060937748,0.23067846728639949,0.26838478151780626,0.29459280703739105,0.3251668639335596,0.1566195530666839,0.15261451836054862,0.281823787387852,0.1227462903129382,0.473400184469715,0.19557542193563593,0.0641074245810774,0.4392400785010411,0.2642566141666917,0.013929655798261909,0.6736017881345352,0.39128375017133493,0.5477207338774559,0.5202040574549698,0.21699447411264922,0.25689304248579775,0.18596860279146338,0.17294244436787115,0.3123497996317915,0.35508771254645216,0.12588562642017292,0.23366462207917277
2020,OKLAHOMA,40,Logan,"52,500","29,300","23,200",21246.015,11857.2998,9388.7152,0.441904762,0.37973312161924433,0.32426810213610585,0.3633967630185114,0.35974252692435166,0.3357779871901402,0.004693065206449091,0.014604350983035483,0.19630632665578843,-0.012882000920701332,0.3981834509103355,0.09116012666477175,0.04699794957132525,0.4034637706858838,0.13187858690435816,0.0059157612082859565,0.5819077101448106,0.28040317642273455,0.26961380433621024,0.5544305455973472,0.1604828417754306,0.36134357740362577,0.264550678570773,0.2074958502242079,0.40959273728614565,0.4274051480407431,-0.028724867454317578,0.27772079705978364
2020,OKLAHOMA,40,Oklahoma,"6,600","5,320","1,280",2670.9276,2152.92952,517.99808,0.193939394,0.41983515580870473,0.39095612991149825,0.4215223735596628,0.37652632612035963,0.309125859321999,0.0016068648316382072,-0.0021261948325472057,0.17948674384413527,-0.012418728510342293,0.31665519711525736,0.11400320415548679,0.03815486552659587,0.3885308961282359,0.13316245315817157,0.01756788215415319,0.43214992647213024,0.2244426526549201,0.3377093042875499,0.5157916911542516,0.2431903439604505,0.3930070856302225,0.29293035631036074,0.35687014015721163,0.4694000667172921,0.4419510441176466,0.2553548614382664,0.3188044507257338
2020,OKLAHOMA,40,Payne,"13,800","3,670","10,130",5584.6668,1485.19762,4099.46918,0.734057971,0.512299007907788,0.36387549431956623,0.44620148745785665,0.45207140850865696,0.44499059007499325,-0.021180639063352318,-0.006550529216400239,0.29953885713423534,-0.0033307764288194805,0.4211575851631039,0.25627890384706586,0.012660766227786759,0.41074882937679996,0.39223129471816265,-0.0026134846746741144,0.5123355338220186,0.33356133111289854,0.020408924667287727,0.5301379044664465,0.20542927207892972,0.4390308406903426,0.26836182309425294,0.306601068663602,0.472093531133622,0.4893003817873007,0.1456080605028477,0.2548919379312698
2020,OKLAHOMA,40,Pottawatomie,"3,800","1,050","2,750",1537.8068,424.9203,1112.8865,0.723684211,0.4823967641542189,0.3874539558685826,0.4739985403477175,0.4182529464093354,0.3523311395236226,-0.029800301420185207,-0.012257216135421817,0.28099356314028817,0.05839584860630066,0.3698432173465487,0.13539314271867045,0.004811316408207965,0.4221950095471084,0.19949289727173444,0.01587597334854702,0.42625774549010076,0.18631932839489027,0.305326596556184,0.5497553254901081,0.2428241908301177,0.43761705704995685,0.37063642809741,0.4301152455267712,0.5353972245211024,0.5091662218922673,0.45982912525368863,0.31806102143895765
2020,OKLAHOMA,40,Alfalfa,"220,500","176,300","44,200",89233.263,71346.1418,17887.1212,0.200453515,-0.0023061479920438695,0.28323962429598154,0.269285116051147,0.3094561807709264,0.33476762180340147,0.3603148876020216,0.4160454963172432,0.3670872157637338,0.42367189627993723,0.45486892809363677,0.4514779174672446,0.04306343130886611,0.07455658293591176,0.23285945164097788,0.012257118716462297,0.6816927898047346,0.015242788066297093,0.3342223297446627,0.6141016986175696,0.38493045133285847,0.27628034323378653,0.20996377307539218,0.19222224367240534,0.27868856656990343,0.3005349976740947,0.23346289892280764,0.25378069290942706
2020,OKLAHOMA,40,Garfield,"277,000","195,800","81,200",112098.022,79237.5188,32860.5032,0.293140794,0.23704622720344623,0.1816339671320435,0.31159576380687115,0.33671156638467076,0.3641928017648888,0.21111014825954205,0.30487404386509975,0.37643751371303186,0.26528039578802654,0.4890430114634502,0.21414937707453402,0.05655904649895119,0.26774476177736795,0.3446506958464007,0.00711872644048362,0.6921436591380515,0.4695042753933201,0.14957180935170106,0.5952999751096653,0.1727373727469837,0.2872820320828091,0.212040787077207,0.06361403135282885,0.34116595197844557,0.37516192139138776,0.1016393146698339,0.2740527706104528
2020,OKLAHOMA,40,Grant,"260,500","205,500","55,000",105420.703,83162.973,22257.73,0.211132438,0.18275114078229068,0.2059635515059968,0.301790677271183,0.3431593932516623,0.3180689391269383,0.30608741889319263,0.2714446300933703,0.33866009814673625,0.24256515209154775,0.435471344173595,0.26538465345601364,0.0070753373750366095,0.14520932518479607,0.39416940576210385,0.01023348848210975,0.6469042234174504,0.23264853044917475,0.026171596222884164,0.6298334546190312,0.21280964214897113,0.3124017922311135,0.22795064364648834,0.20019565895074815,0.37148116990302943,0.3814095018979814,0.21742986169728412,0.27748980200236173
2020,OKLAHOMA,40,Kay,"135,000","110,200","24,800",54632.61,44596.3972,10036.2128,0.183703704,0.4707443770499525,0.020552887692102402,0.37857964097889657,0.37328813937046473,0.3361309528124802,0.28106333849145987,0.2265582528418331,0.32645077480959533,0.024494228882501072,0.4135855853777104,0.0025772584348077968,0.0077203484925082175,0.04410282967598765,0.38736206260465894,0.0074145654231653,0.602203973129642,0.4441759284794586,0.06928744710890612,0.45858680465756557,0.21579219923625603,0.36386678601303446,0.24327485427292703,0.11167817648278833,0.36281922393770316,0.4162391879836228,0.2334733711855678,0.26647140893876364
2020,OKLAHOMA,40,Major,"117,500","77,000","40,500",47550.605,31160.822,16389.783,0.344680851,0.007654335769596249,0.3235365479947541,0.29109551449618437,0.31865055630044736,0.30530134701200645,0.3645901218290076,0.3968041550882431,0.336670763856782,0.40083270108234403,0.42339187457836525,0.44678680322543274,0.03956425477235843,0.2347449664441392,0.27319899790738306,-0.01160444895502664,0.5667931658520612,0.3124551656386324,0.15320903652356735,0.4662826477504082,0.33915770467591366,0.2678481602012767,0.16151274737011695,0.2254343028893486,0.36148535332719034,0.4483883940398337,0.27088312821915583,0.3112004049335147
2020,OKLAHOMA,40,Noble,"90,700","57,900","32,800",36705.0202,23431.3194,13273.7008,0.361631753,0.44207181873750917,0.12018542821384372,0.3861718493124081,0.39943938671197665,0.3840001116949168,0.13683325229409843,0.040241908808723824,0.335252720276183,0.040620864707104784,0.41337995106402536,0.013243225873483574,0.0028545664157206305,0.17636475827582135,0.3530955490387112,-0.008919470582362162,0.6052500998748207,0.5069977711475697,0.09779078394608512,0.5837326407632716,0.11749151605601045,0.36472943888188775,0.2512136539838603,0.04919593500726333,0.38840578562186606,0.41570330670324707,0.21434625695056594,0.2876857880436171
2020,OKLAHOMA,40,Woods,"140,500","100,100","40,400",56858.383,40509.0686,16349.3144,0.287544484,0.018474249678527444,0.2525714084687875,0.23635821778569466,0.13184535423058036,0.20449723604068407,0.2938490285105693,0.337083472655059,0.15076442361331882,0.2661365216122558,0.3862803692045834,0.4043768542325046,0.009474550534974703,0.05543758227557942,0.10440791825283681,0.01045772946951959,0.5813723355458976,0.014967909105633408,0.2023511403079016,0.2557584329453881,0.41027316047130064,0.257049535352642,0.18520143269770908,0.21339428949617079,0.2293915163876387,0.22990327121743998,0.1917663269198302,0.25803329748218323
2020,OKLAHOMA,40,Woodward,"72,300","50,200","22,100",29258.7978,20315.2372,8943.5606,0.305670816,0.2617295983939898,0.28798515925282664,0.26722305536682645,0.21837003111191572,0.037112004795798896,0.30267187374486826,0.3337689710258192,0.12831167598143411,0.33692198318829836,0.3588824051869141,0.37732444930539144,0.0021476333463050583,0.0294336477749315,0.2083745172260357,0.013147069049862833,0.4247386347983726,0.008902460262197967,0.022888315710820607,0.1686536823804909,0.3422420605633682,0.26800225315256965,0.25507100782526515,0.28577121329583816,0.2946770815743316,0.20863177649169606,0.14141298189398258,0.27685904873085554
2020,OKLAHOMA,40,Craig,"1,100",850,250,445.1546,343.9831,101.1715,0.227272727,0.12628605758901407,0.4122378495488566,0.04884454386426739,0.1633322517223468,0.14850325621091812,0.32885952156063797,0.3074808614967224,0.019052718527652817,0.2621095093629266,0.1890543379187764,0.0017221889321613814,0.3632574983909259,0.05018261946327298,0.2518835575075582,0.1082229691145553,0.1393086737156634,0.16306019812083955,0.5081459379955017,0.44838894343546243,0.09162225110665302,0.450558361880521,0.0994734159146786,0.300969493468531,0.2865135854294601,0.4814456454017899,0.5849808348404688,-0.0071997883067777615
2020,OKLAHOMA,40,Nowata,"1,500","1,180",320,607.029,477.52948,129.49952,0.213333333,0.18638021899695076,0.46248510967934603,-0.026429784368410043,0.49931250625644785,0.42891215562126306,0.38504404920299234,0.1364299859967313,0.029778792914354688,0.026626271219504363,0.38115160013366645,-0.0023042369627762163,0.4411274541126307,0.02473045981037811,0.39644773863510613,0.02156594926453083,0.2404490486510829,0.47166937116917684,0.6023180653543205,0.32007445444194377,0.16241309151976815,0.47662437813933417,0.0778489307754721,0.420241832542409,0.29126318619575997,0.5263918264514957,0.5321736340922572,0.05631188475731346
2020,OKLAHOMA,40,Osage,"12,100","4,010","8,090",4896.7006,1622.79086,3273.90974,0.668595041,0.5835872058452498,0.07285428118353791,0.4517494929392065,0.47156188773359836,0.44997881723579375,0.24236409039987875,0.039872933495649306,0.3929599196787992,-0.012206547586835164,0.4059929055437209,0.03168397139586119,0.011643544721488763,0.050110575518802776,0.34975650819493764,0.009999776465943225,0.5052129165090288,0.43753304547452415,0.17870636946288906,0.4330035697000986,0.29175683966986915,0.46903885850837607,0.34613018014391506,0.19041705710323734,0.5722493978889821,0.5553705724100056,0.4033414966387681,0.34428663872778126
2020,OKLAHOMA,40,Pawnee,"11,300","4,990","6,310",4572.9518,2019.38314,2553.56866,0.55840708,0.5948253689456199,0.23564460517475846,0.4726902265705677,0.4755566608914262,0.42648616117490235,0.028067648376331144,0.028840577234355264,0.3405127574635928,-0.007795987704108589,0.3684297840445344,0.20997293090952326,0.012153807259137997,0.12251947182525748,0.3829237509500484,-0.0027481668827669444,0.5066425928646189,0.520088144362902,0.09064104072966268,0.5590217870656382,0.239510587002671,0.4774464376992249,0.3366480484627374,0.20113131410682936,0.5334936535509051,0.5322883984859528,0.42523372004707305,0.3291100145534561
2020,OKLAHOMA,40,Rogers,"1,700",880,820,687.9662,356.12368,331.84252,0.482352941,0.04782109981660545,0.5127650713050136,0.005743558633065871,0.36904743514384425,0.26714373654112006,0.40129407263731004,0.01954004114013192,0.028986862680336577,0.1284930271850802,0.27734439852378306,-0.0042759983337834866,0.4463244589380688,0.013843815971791478,0.257310317631364,0.18307815296518498,0.03680082350685099,0.4113284345739359,0.5985153228414744,0.5706254356124301,0.17112275767848528,0.4314381246743692,0.09785329255913795,0.3184245808681366,0.36121478572046023,0.500720550646992,0.6023645928420399,0.011387613780109992
2020,OKLAHOMA,40,Wagoner,"9,700","7,280","2,420",3925.4542,2946.11408,979.34012,0.249484536,0.04190358337628635,0.5092159394973974,0.04702581574731672,0.14902303540014158,0.12727937076203238,0.4034964266465007,0.02658229121770294,0.013112083421798183,0.2893226798786042,0.14461061904196654,-0.002257599468673904,0.4860035095477613,0.01274692237357025,0.2041945619015313,0.3223950250459526,0.025390540477296168,0.17686385917253314,0.630260892690042,0.6026440428415204,0.047523415051377846,0.40871572435323034,0.11394503611671328,0.31953238798457256,0.4178327267417204,0.5181149873071814,0.6517730463432534,0.05005146941855332
2020,OKLAHOMA,40,Beaver,"112,000","65,400","46,600",45324.832,26466.4644,18858.3676,0.416071429,0.1540474970062668,0.20632076672280708,0.2038848661218248,0.1936803622521475,0.2670434052544471,0.2732063027824677,0.2904901303385661,0.17872596709991093,0.27985149913394364,0.31647318299720356,0.24231206336206043,0.16442407695115593,0.23880272661209512,0.34133622491827176,0.0078046093106953485,0.4824568436827444,0.0023826614235165624,0.16007412270108912,0.08521303092239402,0.4044746803965002,0.14102677821928591,0.17017874458413684,0.14777518768496264,0.09126374055104584,0.2296333610375739,0.08193241341739285,0.1945613310467749
2020,OKLAHOMA,40,Cimarron,"112,000","58,400","53,600",45324.832,23633.6624,21691.1696,0.478571429,0.2194292505371645,0.09755916362267447,0.18236483549310864,0.19758845200829783,0.16039869816246538,0.05114996907823761,-0.004784094401076403,0.1308828044887782,0.2225591928540066,0.2322394140366526,0.020701891183464088,0.24406947332947443,0.23945402068708407,0.24455160285701413,0.059888461713685934,0.1878459857537278,0.37512403328870625,0.31735742669305905,0.14663902579386257,0.21332357092185247,0.2039145538347031,0.04045635730123872,0.11755371711675144,0.13513299812275983,0.24433018457810673,0.22035600519639342,0.17855389475386235
2020,OKLAHOMA,40,Ellis,"41,000","14,400","26,600",16592.126,5827.4784,10764.6476,0.648780488,0.20949779539125998,0.24010014352472267,0.22465936087826607,0.17052532103617762,0.011122001915700204,0.24855849075891495,0.2738217533806836,0.10001867850897794,0.28355924141409034,0.3004746295217332,0.31618710575800996,0.0036661680350131383,0.05507785106694545,0.3188189548341528,0.010780602302142131,0.42993256394433677,0.05743363116380447,0.03729121565114067,0.006281641861322422,0.3190726459349081,0.21642532526028876,0.1934600807085778,0.25324875970333766,0.20547352651528147,0.259455234314111,0.08662045893521758,0.24126037063886874
2020,OKLAHOMA,40,Harper,"85,000","58,900","26,100",34398.31,23836.0054,10562.3046,0.307058824,0.2162165506533804,0.24222060585240662,0.21735320074472358,0.032344000482487686,0.3029794441995147,0.32134224196882655,0.3350935599620694,0.02415826514822268,0.34671377741382065,0.3599397324660365,0.3398119723384951,-0.0010910177767506583,0.0020852619988594324,0.3401932843861021,0.008255066679662224,0.4986716283644398,-0.0031561865518646127,0.05192528780564344,0.07072353813637876,0.3630058605828071,0.21292646138869015,0.18522172511866972,0.18684593867981864,0.1954597220126536,0.15825431307155224,0.08875312103095444,0.22108774396620487
2020,OKLAHOMA,40,Texas,"168,000","120,100","47,900",67987.248,48602.7886,19384.4594,0.285119048,0.22507157352105808,0.18605251593881827,0.19954643813892872,0.20823295209111622,0.18194953261245006,0.18356097914538502,0.06978069786593004,0.19064582891286885,0.22133505884156437,0.2480444651674372,0.06529176012065717,0.1522786376003154,0.2517643223379283,0.2670770466858822,0.045932065934691055,0.2980158060615084,0.3310220822728736,0.33071226923455543,0.15161215906092715,0.22398650423875488,0.19449805676441753,0.08536966136460437,0.14063124515778969,0.05598119939752256,0.30956377405835306,0.2608786591880956,0.2238898234466902
2020,OKLAHOMA,40,Garvin,"17,300","4,390","12,910",7001.0678,1776.57154,5224.49626,0.746242775,0.37415446416495407,0.36516759863040044,0.3991340157961575,0.38027929859704784,0.3443778309072084,-0.0102762191033246,-0.015919251531326166,0.35663894382263533,0.0029367527860478908,0.44750382048926013,0.09531953267640007,0.03212866875376366,0.5237907987398933,0.3073427717960428,0.013498025850037784,0.4817385292770154,0.21369432516673564,0.09450189378300619,0.5080938196902011,0.1662111641905533,0.4082105513817927,0.33901448761674624,0.4103143657026048,0.42897405637168945,0.4675544325228298,0.44129466565978265,0.3089718348254547
2020,OKLAHOMA,40,Stephens,"28,900","8,340","20,560",11695.4254,3375.08124,8320.34416,0.711418685,0.22052941819046099,0.3144514631083671,0.39701503440387853,0.3995143651130829,0.35994573867862845,-0.012222431546633257,-0.015073811171408182,0.37781573687698927,-0.014148925142962211,0.456173562358756,0.22809583523060853,0.02623445401834947,0.48498384489451435,0.2257979569362745,0.006583067794419644,0.5126868933687806,0.2968596602659424,0.40305337663996993,0.4783177364599372,0.18670873158426407,0.38059275691790967,0.2855235857740504,0.3639462514402785,0.3623871127291782,0.38203453531336895,0.3295129682595443,0.22475469490550626
2020,OKLAHOMA,40,Caddo,"152,000","79,400","72,600",61512.272,32132.0684,29380.2036,0.477631579,0.1977270116845514,0.34632012232711795,0.34262871092688374,0.37577039791083633,0.3474388289438762,0.26239231080379194,0.2722796046433672,0.30282854398420617,0.04947649465275444,0.3980038647690003,0.3750363253991519,0.02488980459565073,0.41618907088439894,0.23177565772915554,0.012373876113063455,0.5710830661476259,0.36890405569472584,0.5594928231365794,0.48048814963465963,0.3961646131501123,0.339621616918355,0.1870612973698653,0.2972835382757415,0.3053677419548815,0.355778320432958,0.3030887942344562,0.2869912754183712
2020,OKLAHOMA,40,Comanche,"58,400","25,100","33,300",23633.6624,10157.6186,13476.0438,0.570205479,0.19337316936637755,0.26880544998231276,0.38383741888094025,0.37075314355762246,0.33346319199909835,0.09778526950114554,0.12568967253152472,0.3163276239724882,0.0005050258668699266,0.4164239031344748,0.30072186118322586,0.02520586146343614,0.4464659182026255,0.19488611617262558,0.008073399196902274,0.5054594899112016,0.37222553728586033,0.37903494182950975,0.4197229916538167,0.3362093057063274,0.3254703586028984,0.21695758322752154,0.31916368819688246,0.3155007375188398,0.3323674838471801,0.2456301284263107,0.23441829923212684
2020,OKLAHOMA,40,Cotton,"150,000","60,800","89,200",60702.9,24604.9088,36097.9912,0.594666667,0.08523601496489377,0.19564037388486694,0.3085912501711325,0.3246782768295893,0.31982496492770096,0.014930008173675851,0.029394869574781678,0.3969447690395504,-0.00881396218914495,0.5116622407931561,0.268218040468577,0.018609116467492453,0.5660263708591371,0.2804488179326121,0.007135963644206659,0.5821047195258701,0.4119821697270571,0.5088046739018303,0.3997342344433935,0.2770072014202118,0.2591367130933346,0.2215344906271669,0.28832167223884464,0.2766085905982516,0.31638512268676083,0.26656913293369205,0.198871617344735
2020,OKLAHOMA,40,Greer,"69,700","47,200","22,500",28206.6142,19101.1792,9105.435,0.322812052,0.1439994671743948,0.26115936557346126,0.29276677677982516,0.30809639973589653,0.006864121375231644,0.2340431104742661,0.24074971842448237,0.04987848459689599,0.2757666897596091,0.29098726515083545,0.34279764051689826,0.011108272781720632,0.05117456097832343,0.3826058951330556,-0.001695496830217072,0.5217444729453682,0.3416295959913888,0.25774786251418835,0.18398126064956233,0.2602158694182222,0.20318044688922424,0.06664415177552507,0.20607777706285443,0.10985224698137089,0.25353456330753726,0.20267337636958813,0.20413192855822165
2020,OKLAHOMA,40,Harmon,"63,500","31,100","32,400",25697.561,12585.7346,13111.8264,0.51023622,0.20232150331336132,0.21385083625682108,0.2399404617334959,0.2675097111124037,0.021348654401069304,0.2584620808105459,0.2575662451362343,0.017917092009503633,0.3148422110824837,0.3290324316526309,0.37990180233151893,0.011418201057845707,0.060893481028202266,0.4146044674508089,0.000984033232523788,0.5008656162712423,0.5006426406083224,0.24399571729897201,0.27417626485457997,0.24600528467447214,0.21005826387106877,0.16295262515218498,0.21353026651488757,0.17494552482551573,0.21196966495271163,0.15293381735744285,0.1846426892889322
2020,OKLAHOMA,40,Jackson,"133,000","78,600","54,400",53823.238,31808.3196,22014.9184,0.409022556,0.24160153293995523,0.2469405659135759,0.2745149750548105,0.2844461989206139,0.06370445067379395,0.2274659208953066,0.24202661749008136,0.04734498437567319,0.2849460049970589,0.3263144210268051,0.3954675244236501,0.007704102483260475,0.12971440635737458,0.44088439624119563,0.0028577135386100945,0.6250684091032759,0.4018750129820734,0.3851862712724266,0.3604839955960487,0.2856293103860431,0.23988153877370993,0.06687957469470568,0.21838691619083764,0.19656249714565271,0.2230948174385466,0.1748500870337144,0.19636263329679632
2020,OKLAHOMA,40,Kiowa,"174,500","114,100","60,400",70617.707,46174.6726,24443.0344,0.346131805,0.12268482003503853,0.26345090339486393,0.2943147444997849,0.3153544477672904,0.22591372030320014,0.26034517873765933,0.28599411890815807,0.20706033693703058,0.2959682072482326,0.3647191253493208,0.42410978906567953,0.02060076749332595,0.3495850467310705,0.31950941217973156,0.008785403267371969,0.6131232263422753,0.3619590692741628,0.41432281207265903,0.3830199247850866,0.3096262010423299,0.2723979655581766,0.16091226798555522,0.25179541051188037,0.2029493079856725,0.2765954634316144,0.2415054391935266,0.22710864570317663
2020,OKLAHOMA,40,Tillman,"167,000","78,800","88,200",67582.562,31889.2568,35693.3052,0.528143713,0.2600972655435855,0.26481551234607037,0.3009452394875288,0.3194111028657564,0.2706473121630656,0.24987168101060991,0.279120693059797,0.2605885708159488,0.0783436003717335,0.3867193462355161,0.44567219863362867,0.017735554945408332,0.48390705213539875,0.3153939455196199,0.0072680116800011955,0.567825417393729,0.3515880195376268,0.4960752864295133,0.37310630003164186,0.2694593408619909,0.277316162595053,0.13000168618747135,0.2979158595043879,0.26497783918284395,0.2749004240190318,0.24451967027057755,0.24170792855568574
2020,OKLAHOMA,40,Beckham,"42,600","20,700","21,900",17239.6236,8377.0002,8862.6234,0.514084507,0.09188754163416218,0.3008184345898211,0.30700414309508833,0.32660306715361404,0.014650049747149525,0.28639405661714007,0.29143707216131853,0.05585653675390189,0.31551071850411805,0.3336506531308825,0.37048296877011105,0.010118075460516686,0.0036843189690124135,0.36678873678662954,-0.005413796360776116,0.47987016307451286,0.147972260286381,-0.004967768834432334,0.07947166206081872,0.2956453465928018,0.23484275347947345,0.20545754671119867,0.23629413327080911,0.09894380109495467,0.29137107104030596,0.2349394732724763,0.23514126007279568
2020,OKLAHOMA,40,Blaine,"195,000","128,800","66,200",78913.77,52123.5568,26790.2132,0.339487179,0.05888695474108735,0.28197177000598966,0.2781821667139003,0.30024120920538094,0.30939668374003065,0.32943808540586483,0.34635851764028086,0.31525069248686927,0.3111348202201241,0.4088873314255287,0.43997938761175853,0.03366821236167791,0.4271843999627776,0.36233141481324715,0.001087665628811162,0.6346624986076463,0.47581158484997826,0.4735315805789237,0.4831246005097714,0.3199510242544305,0.24715050262421553,0.14681029388839545,0.2156606668551537,0.31495128283309765,0.38197024581485717,0.2981636270100308,0.2836712027287047
2020,OKLAHOMA,40,Custer,"145,500","88,900","56,600",58881.813,35976.5854,22905.2276,0.389003436,0.09176926055587141,0.26899532123213304,0.269592158003745,0.3237414251658499,0.21345022125352697,0.36054840924685805,0.36978171618143485,0.3151824129880195,0.3505101726711356,0.4010013158324838,0.42484593997558545,0.02435697707749756,0.24731983344016883,0.37849030835970576,-4.948566785438526e-05,0.5726584297356982,0.5343347886910855,0.349506041333176,0.31767682690755483,0.2813891935847742,0.25782838012919673,0.2152453828926227,0.2321611032538045,0.18789861490119966,0.24992357422559636,0.24437652488959752,0.22164979202314566
2020,OKLAHOMA,40,Dewey,"98,500","56,300","42,200",39861.571,22783.8218,17077.7492,0.428426396,0.1294942230863511,0.27341715011672124,0.297000603646094,0.32242105263432047,0.10772285762372251,0.3800864184160039,0.3883623132887649,0.2806437300049691,0.3957279751751134,0.40275177036583426,0.4134863451040038,0.013611786318839766,0.1693131106480977,0.24499818202841123,-0.0032848291114515953,0.5522798625284037,0.35380523338365977,0.154602101061086,0.24036604282368937,0.32612564311309505,0.24960512220578027,0.19328889301165159,0.24395421507669232,0.26171688504577767,0.3035245060339834,0.1628347957289588,0.25508874491716677
2020,OKLAHOMA,40,Roger Mills,"43,000","17,300","25,700",17401.498,7001.0678,10400.4302,0.597674419,0.12214643989383506,0.249503264020313,0.2495915124392561,0.2958600628460594,0.022273020675553028,0.3503788147773751,0.34761153958732877,0.14758286045875169,0.351951199116537,0.362722272660764,0.38576918827262985,-0.0012713465594184415,0.02581987589602081,0.35934321889685084,0.0004934368516957217,0.47217178117977726,0.1313684703789044,0.11518467530802545,0.112081344718457,0.3098034971828375,0.18875943542686544,0.21160058190644995,0.25468074111745925,0.1797925568016537,0.26509816034297673,0.17814238816669564,0.2288550353783049
2020,OKLAHOMA,40,Washita,"193,000","123,400","69,600",78104.398,49938.2524,28166.1456,0.360621762,0.12373515750265247,0.29969006233343376,0.29800104362748003,0.33198236998352454,0.23461214685178503,0.3255838286239632,0.3318882202431684,0.24534514719140987,0.3467813808035013,0.37935796255375576,0.4195010928556983,0.016784797841964568,0.2726567050674771,0.3566891134583285,0.003969535881915671,0.5697577996493838,0.5478832580147933,0.32158093594384135,0.33211994401047107,0.32359409465562994,0.2610024982827206,0.1980892325843665,0.2322839109096715,0.16851847939397796,0.25543497133542453,0.22775434422107743,0.21565183899920032
2020,OREGON,41,Gilliam,"96,500","95,500","1,000",39052.199,38647.513,404.686,0.010362694,0.12253074890513911,0.032324543523906776,0.11602010193919268,0.07217003735463476,0.19626465032944646,0.17236795604427685,0.21605502110275362,0.0028070396059639417,0.020852125488993907,0.06928356450232372,0.013816883041898303,0.2909075654032233,0.2556251711632846,0.26161053915258325,0.014394694770147586,0.2067112514772295,0.5477173401889474,0.11989195403075258,0.5478867323398273,0.5147856970408425,0.3638151086400458,0.3405098827894525,0.21620036722500924,0.15945957027293248,0.13059977576620319,0.133402406856191,0.13668223030348192
2020,OREGON,41,Morrow,"136,500","134,000","2,500",55239.639,54227.924,1011.715,0.018315018,0.14966047660298584,0.10703362516463882,0.13422166177695827,0.07872518805719379,0.19077728116577647,0.16981765642645053,0.17773719734168095,0.01356912164545794,0.015818464943520624,0.01979457968402791,0.013559631533314558,0.3242996832091559,0.32046982604502494,0.17961384305521758,0.007170256943764901,0.19244274673986173,0.5850099817142375,0.30828091604023483,0.5814642653527865,0.581295449905482,0.417737048272728,0.2753493903781372,0.20647895744428751,0.15552963310038936,0.1302517574363643,0.07671170037217218,0.14702573995133233
2020,OREGON,41,Sherman,"117,500","115,300","2,200",47550.605,46660.2958,890.3092,0.018723404,0.1258528753032486,0.022862844663051666,0.11324725005984493,0.07766267425906441,0.17962788925005285,0.12425552269748306,0.2133729657684063,0.0038687932820082194,0.06617185906016891,0.11824610623989237,0.010710889903532,0.31534982011779555,0.31412117562665753,0.2088255021223748,0.01666481647412662,0.24349166495308167,0.6461082534956021,0.06742714375974532,0.6451582894968504,0.5361899243274076,0.45212748557725796,0.4147709130825366,0.23532091064026148,0.17066938334169027,0.13667138787990785,0.13581452757138063,0.1442990532469965
2020,OREGON,41,Wasco,"60,000","59,700",300,24281.16,24159.7542,121.4058,0.005,0.1484057990194101,0.008688471444418531,0.14260891855179364,0.17615016992905247,0.2068625880092918,0.10361062461409197,0.2426901569009085,0.011328622561294032,0.072333050625518,0.1753401376435344,0.008712731846087762,0.31970530404337527,0.30675599169997403,0.2662716383696969,0.05320215858585749,0.1489953432101995,0.595032993042422,0.15795199149420736,0.6253435108284254,0.5681487311705742,0.4035195509832143,0.4126151547786863,0.24528965016914228,0.18463371310916646,0.1481730052116375,0.1471459938217964,0.15464879720057662
2020,OREGON,41,Baker,"8,100","8,000",100,3277.9566,3237.488,40.4686,0.012345679,0.22585307030306592,0.23879835607737857,0.01997546744035722,0.22023825946531847,0.21492478117022104,0.16164986370218162,0.19703881842161958,0.018354592003254913,0.05669292942381794,0.21398331732772383,0.004423905973857609,0.033395098809058096,0.0435164634521589,0.17215939543228823,0.029127219410705542,0.06804543769063802,0.3402089714620081,0.527437390147002,0.7091165571584135,0.8166591070319179,0.3659398475313704,0.04987024515292254,0.8102982390832255,0.7280396269415639,0.3903334484582528,0.25617117482294455,0.1987477800124207
2020,OREGON,41,Umatilla,"244,000","240,000","4,000",98743.384,97124.64,1618.744,0.016393443,0.16154792091221892,0.14003287105952117,0.14031420818368814,0.13460045316036173,0.21472539817467523,0.17251178556043262,0.14242415573369485,0.03213550809592541,0.011285434388815336,0.0513007489462983,0.008128415020996359,0.24722752187512875,0.38380762763429277,0.23206270997151088,0.028778722396084318,0.2322750010734781,0.573120532899619,0.41053541897104545,0.713078043451967,0.71528477369128,0.4217968258433619,0.4510734021296789,0.29964061810919546,0.1869450979798539,0.15794230898253042,0.05928163318364337,0.15593454569422627
2020,OREGON,41,Union,"20,000","19,700",300,8093.72,7972.3142,121.4058,0.015,0.30306771662818593,0.1620751022927559,0.06283872070606314,0.24861028076390715,0.25476147572875446,0.1753707638684869,0.2481372169035201,0.0596672866342582,0.029220800698942975,0.06464522584876972,0.02124679229314642,0.04290042570495975,0.16809349259800602,0.1575154930000641,0.03043200163912058,0.09434464933712097,0.16538226061153458,0.5403038302894793,0.7005311413823009,0.7734414639062291,0.5825310318244739,0.04662280598697142,0.719417978645225,0.5499020770956227,0.29935499172778385,0.24353472394243286,0.21534691062656705
2020,OREGON,41,Wallowa,"4,700","4,590",110,1902.0242,1857.50874,44.51546,0.023404255,0.17321358048136015,0.0666289989009538,0.07672263430055205,0.22645104211061287,0.22540220939875458,0.17478471674025112,0.2876123000200873,0.02575119840771846,-0.003179999693922727,0.1362598355845278,-0.0017113110129740026,0.010421876560353425,0.022198448890346598,0.1159318639998486,0.08310937692099,0.04482051401975431,0.17923385649664655,0.4037241196812395,0.5026535689129362,0.557619323862236,0.5602324679716478,0.3582390123754528,0.752150222267999,0.6634401990562299,0.3884915368515161,0.2782206380984198,0.2193271841753179
2020,OREGON,41,Clackamas,700,700,0,283.2802,283.2802,0.0,0.0,0.3369774776469189,0.012208048413229988,0.22829102224834458,0.3374916176588789,0.23023761566877132,-0.008233681830281432,0.005929323433069268,0.03235495214097613,0.013722991539250936,0.21862089326789333,0.030855171935852438,0.47693074299103844,0.038592136601807055,0.2195779963303042,0.025064187055632656,0.0646950386643966,0.7328747098810695,0.1278050307649573,0.5952210876970565,0.5498984397232937,0.11580581102385626,0.18676055683785467,0.21272967167402107,0.37424917122663176,0.3312112544129228,0.2986091950724948,0.29399923556038815
2020,OREGON,41,Lane,"1,800","1,700",100,728.4348,687.9662,40.4686,0.055555556,0.31643209491591856,0.016190816464071438,0.2043759666242104,0.28227964006695716,0.2908585539313735,0.0007612570323254725,0.021952177159204132,0.04904271615535565,0.011284643180135754,0.22212156013877218,0.07522416198015966,0.6170817593063503,0.03181715958745468,0.5271411336884958,0.04587230644366558,0.04767583856520651,0.8019636536514698,0.06914837610041705,0.6881271018948892,0.5773645582955396,0.3119438531066794,0.1525077727948303,0.1896473158633594,0.27234976621630375,0.2399987453588738,0.20676970424137409,0.2075661303945273
2020,OREGON,41,Linn,"1,100","1,070",30,445.1546,433.01402,12.14058,0.027272727,0.22358584782721294,0.013536401645135199,0.2363805132480671,0.2607832123647715,0.20558381144291743,-0.011404220076123813,0.04843330403336738,0.03468071478901043,0.02083997936753491,0.22677987960587698,0.11519101430157004,0.5118790658717296,0.01978395908078656,0.4283927269530802,0.017722871058850564,0.04228761857577169,0.7347604167113906,0.03822760755427403,0.5938359170042611,0.480884557894757,0.09884614123175768,0.10326126325130619,0.20316422849260912,0.3325323774866222,0.2766614356451243,0.23287766918683728,0.22201901295756707
2020,OREGON,41,Marion,"2,700","2,640",60,1092.6522,1068.37104,24.28116,0.022222222,0.2704742963819892,0.011614925791489582,0.2142547165642361,0.3303027107872193,0.2573703398470304,-0.018495107180457465,0.022268774111314234,0.047671335758613764,0.022689764263268526,0.19075997468899517,0.04671791528326377,0.41504182370583687,0.022848475306572885,0.28569317559355417,0.01952608862294152,0.0440577026103056,0.771404564087879,0.22863796305237277,0.5609936340537259,0.4939595011707816,0.13840387795298276,0.2763813839181287,0.22242695176071484,0.30835703591367575,0.2686201263125052,0.2436820711522593,0.24139903937478335
2020,OREGON,41,Polk,"1,000",900,100,404.686,364.2174,40.4686,0.1,0.20536286572289889,0.021483949041898792,0.29463832542490814,0.28284201355231353,0.20173422416435066,0.028373228414555373,0.22190083365874397,0.013759705190904109,0.03872140646058147,0.10401066662225358,0.09383505684308834,0.48890033315726594,0.027913393158993306,0.555899463001737,0.05463507009177633,0.02901629357613146,0.7486092605902757,0.5115639241882277,0.7520878840231875,0.419796321402397,0.15948241313062914,0.32045427884424754,0.19547142619758898,0.31728744765726685,0.27360632798711393,0.24758194712377282,0.24566022363038223
2020,OREGON,41,Washington,"7,600","7,450",150,3075.6136,3014.9107,60.7029,0.019736842,0.17437520611106433,0.01964078159851968,0.2584809211233355,0.24793184319408426,0.14936564120917079,0.005249474987143891,0.04616048057931593,0.015697823180149346,0.022936854083732815,0.15654292372990933,0.06146707020118068,0.4458465228280793,0.02673397819002769,0.4015925596018412,0.05117471833088949,0.03554950355187459,0.804248594284405,0.6104813536650637,0.7192675979565273,0.3121226474663253,0.09963963306585623,0.47061968071189836,0.1253148117507244,0.2857616897466263,0.2529276028455996,0.23306217608658444,0.22275603527242813
2020,OREGON,41,Yamhill,"2,900","2,840",60,1173.5894,1149.30824,24.28116,0.020689655,0.20263491246992318,0.015235232806132693,0.30290418924112267,0.2728250419563167,0.15415301978643128,0.14112727669667444,0.05306802380589265,0.0140410974037261,0.02194731378400254,0.12319558639328938,0.029944615195603683,0.434382968670978,0.027522291071266657,0.41387745163451073,0.04367995696302842,0.04221147261798418,0.788208123781948,0.6874968708204217,0.7312570834760854,0.4056923109325612,0.28050801339203946,0.40238106467081797,0.2043407764532546,0.2891383748997644,0.2585077313406064,0.2294444733019284,0.2257845513165703
2020,OREGON,41,Jefferson,800,600,200,323.7488,242.8116,80.9372,0.25,0.2840690390662748,0.040637522440555546,0.2383805348979189,0.23765414706446997,0.2595727035295531,0.22395692062089376,0.19580552701676962,0.01490080191015636,0.1139013691932542,0.2335466973590755,0.2003690822079225,0.2597435412514102,0.1829010199297549,0.23556378763323413,0.016472257830889406,0.11667521027484344,0.44862366381540647,0.24669877783963823,0.5568011656452807,0.4865345373401499,0.3001332650205303,0.4495470976088692,0.3567019372907026,0.30018984293125084,0.24088740844624473,0.20352577972803432,0.200486675058995
2020,OREGON,41,Malheur,"22,900","22,300",600,9267.3094,9024.4978,242.8116,0.026200873,0.29604689372140025,0.41474893574487653,0.21720968124190496,0.2327611112314389,0.18499504879798925,0.15544779963805405,0.14316595624616596,0.1373174950532476,0.16087486623778297,0.12569203788195918,0.09142900485172854,0.029619917486850156,0.21456049884221232,0.15963223090986334,0.21204780507954596,0.12967477242248676,0.41859687781062405,0.6514946359852218,0.7237263839174686,0.07984004547870657,0.7649401333261463,0.14566942673363106,0.51058469510789,0.28582982639091015,0.19561301590171198,0.16753655681600035,0.20682225745045868
2020,SOUTH DAKOTA,46,Hughes,"31,000","30,000","1,000",12545.266,12140.58,404.686,0.032258065,0.15189213548604205,0.2899651232787134,0.013963315298792642,0.20479117734795013,0.17080344847870865,0.030458108436460015,0.3150760601430806,-0.02018817856113673,-0.005946424346681829,-0.02783990663661344,-0.005726139396397615,0.008486280356080015,0.019280684471512925,0.04681745275724387,0.11221273628119009,0.17419439983348306,0.30356487465200965,0.12121767044802353,0.45387904318401096,0.7112502888682446,0.8370533654279211,0.6885666892703945,0.4831945007331011,0.18837167257559037,0.17791582048945195,0.24552412558384842,0.13972792509035142
2020,SOUTH DAKOTA,46,Jerauld,"3,200","3,100",100,1294.9952,1254.5266,40.4686,0.03125,-0.00838082973807986,0.331030594932652,0.06627876048916007,0.10157686805258179,0.3597686392438722,0.12599068052146664,0.18492858964605274,-0.02900411185620794,-0.023527544289703373,-0.013771238719496889,0.010374972715439572,0.00355416598165581,0.07489901173738578,0.029521034967809657,0.11264964165609027,0.024205200536921184,0.02652085632013539,0.1719493075592894,0.6302368933974108,0.2791470240219796,-0.013750034511881191,0.019113063875104055,0.4825602378155583,0.2230607946290746,0.2616054794664409,0.32020757356047114,0.3082571899707582
2020,SOUTH DAKOTA,46,Sully,"62,300","61,000","1,300",25211.9378,24685.846,526.0918,0.020866774,0.07044332573001366,0.2622993815582442,0.01201615792933313,0.1413383574101867,0.22582180353350256,0.04194596766560356,0.311240246701674,-0.016041383698084243,-0.010940560968896864,-0.03350898553549774,-0.010732107879841222,0.0021258676238048225,-0.007837103499841236,-0.011862592245521745,0.049898565986677065,0.22219563159605335,0.2550775866016984,0.14012561234914453,0.4744685975366963,0.7303950057003126,0.846864012294325,0.8420930997634529,0.5938813882512978,0.2586696410327588,0.19110944380374706,0.2481488878543304,0.1817118885953322
2020,SOUTH DAKOTA,46,Brookings,500,390,110,202.343,157.82754,44.51546,0.22,0.07526587979063984,0.3575009775687488,0.1654350416622586,0.00011282666423035071,0.619724622464007,0.06963273960272183,0.11312691912563598,-0.006028211460920753,0.017299038944161762,-0.007314173156269941,-0.0004087251723969636,-0.026918452206579697,-0.004270825941424991,-0.010656834371029218,0.22021908741277185,0.01825118121017263,0.019866307273323655,0.4692830958445793,0.21459466594580934,-0.01154312579946333,0.6931302777027492,0.11848290492734335,0.5111151223428978,0.3562691008086335,0.3148388040895181,0.34968532062783575,0.10362758922345816
2020,SOUTH DAKOTA,46,Davison,"5,100","4,810",290,2063.8986,1946.53966,117.35894,0.056862745,0.020662925446727452,0.3502020075946005,0.024300327288207167,0.069581714101653,0.36124970965612163,0.22273064904162865,0.10261970021113548,-0.02670910252397403,-0.008525747785275189,-0.011273831668226505,0.006754948329345772,0.0032800084379748266,0.07553087088755442,0.19059791033672688,0.09322784150881097,0.01354989145706939,0.01137908327188578,0.08500007160815225,0.6094735317829573,0.35772234215203064,0.04516557358135584,0.20293454699974936,0.4192171361855468,0.26025448687177755,0.23783517205902419,0.2812128160196731,0.44585473253588337
2020,SOUTH DAKOTA,46,Potter,"19,400","18,700",700,7850.9084,7567.6282,283.2802,0.036082474,0.19130111754838922,0.17323252954004156,0.021075230732542336,0.0523833649004533,0.27579995445373356,0.013685003772971863,0.32093408460667067,-0.01714800320284429,-0.010797549999088761,-0.033639284566052974,-0.01506183171635051,0.001340687967612791,0.007609755579815957,0.016142510298644774,0.08704192968334096,0.2411525814421161,0.22001980289989023,0.12889664322967428,0.4135952364839646,0.5331194047103557,0.8311366863006605,0.821234912328946,0.7062041596628835,0.32101475791538,0.24155061669490005,0.26869928576693675,0.2452221843209504
2020,SOUTH DAKOTA,46,Walworth,"2,900","2,810",90,1173.5894,1137.16766,36.42174,0.031034483,0.25229674786945777,0.026224979843890325,0.04471946341408527,0.014346897155743506,0.316204184913134,0.0036364647486828022,0.31570172402810753,-0.010645657029949985,-0.01154414724900368,-0.029998488479313537,-0.015006638049463181,0.0016543130383039886,0.0012519067983168867,0.011597778718870959,0.022892080107056234,0.2583738088575986,0.2371997129098634,0.06096479081475195,0.33501678687043035,0.5007447839587417,0.7875112951030003,0.7178833115069313,0.7039882306092484,0.4046944831785371,0.3461677105315141,0.3105359899505513,0.30797522409639405
2020,SOUTH DAKOTA,46,Grant,600,480,120,242.8116,194.24928,48.56232,0.2,0.013401457435811562,0.45071397904498856,0.37765820186355387,-0.004021337627411058,0.36906997344709835,0.09392840824857535,0.016784718234650248,-0.02289384423332754,-0.02203053458629317,-0.01917582411899302,-0.007544551115394173,-0.04064816055083541,-0.0021216343340893606,0.011221096174838326,0.1672984536044777,0.020982187643241827,0.03272389567117656,0.3246635903397188,0.28659588828016475,0.1748023199197722,-0.024571121148488497,0.03245701676202711,0.5143654650400761,0.29228283042446634,0.2829065849005639,0.36141852089522164,-0.004586410204090146
2020,SOUTH DAKOTA,46,Ziebach,"28,400","26,000","2,400",11493.0824,10521.836,971.2464,0.084507042,0.018312661079938466,-0.02095021227932971,0.2318255747210019,0.02141299960326059,0.2749020962647721,0.0015070909752145686,-0.00166817342991644,-0.02565401010246453,-0.0033546042354968856,-0.009808368389131851,-0.0035242378828786924,0.011996093706674595,0.010801487217354496,0.10879409715936707,0.010168280258875308,0.2262195351368446,0.26163977274588196,0.06248941288173801,0.39013481417019014,0.5051376509434673,0.703261486142887,0.6933423883051566,0.3867604981154485,0.29783264455390385,0.23835143874645628,0.29935200899355124,0.222392783407289
2020,SOUTH DAKOTA,46,Jones,"23,500","22,500","1,000",9510.121,9105.435,404.686,0.042553191,0.20505530914655076,0.31546268173623393,0.00996191119922442,0.21406310425267108,0.2984856421329869,-0.004996615517166626,0.3147202382248121,-0.03172486424043267,-0.0111217278390608,-0.016443054802780358,0.00746793815922933,0.010789273670726407,0.19899484588267305,0.07015576608203357,0.0024248169447452415,0.24109840448394265,0.2630959858730669,0.1989991986094723,0.22540536498050526,0.6945862532553616,0.7647983097909435,0.11730651358711007,0.434913372380302,0.08628044967062949,0.2267430873734091,0.30193739992945107,0.014508634448811616
2020,SOUTH DAKOTA,46,Lyman,"45,400","44,000","1,400",18372.7444,17806.184,566.5604,0.030837004,0.3104932893831802,0.3239840326075751,0.012958466040599534,0.2873207846033218,0.056809409219316515,0.11942057414144974,0.3303158261181222,-0.04371524350972467,-0.026768972897911202,-0.027224900508223314,-0.024395298976253352,-0.030291988005612776,0.047619470498983095,0.06497998396977352,0.24281429750853215,0.054089185749887046,0.3094364931011554,0.2186596459744913,0.359296725583235,0.7010470482370612,0.8304100291980889,0.5714071829110244,0.4589443034705839,0.09140623815153615,0.1610250465203966,0.26903155977323,0.08842562934230548
2020,SOUTH DAKOTA,46,Todd,"3,800","3,640",160,1537.8068,1473.05704,64.74976,0.042105263,0.45377825631531327,0.4290160447423008,0.005442908403625615,0.296818654266313,0.18478426525100305,0.1286863213211821,0.30054961920797835,0.010714184246452648,0.04443583733904585,-0.014003418528237152,0.11240964423954322,0.09763450485971474,0.2438657847313637,0.1045784964795069,0.10800030017189557,0.13780180272517453,0.2640059198906319,0.18966985298310712,0.0720769487569438,0.6174220391426263,0.7337971722733412,0.08910332868599698,0.4668730075359644,0.17672577001857687,0.25492686504592144,0.3399211779583639,0.13133213389349155
2020,SOUTH DAKOTA,46,Tripp,"36,200","34,000","2,200",14649.6332,13759.324,890.3092,0.060773481,0.4085167949214278,0.4618866640757788,0.017237310693014485,0.3196722037900561,0.022800212770264203,0.2954474095576037,0.29788811125452097,-0.03063996240705047,0.023986177367353253,-0.023804894147633423,0.047997797125524225,0.07208117056711458,0.17866630209920842,0.1398113757493331,0.2482148907010417,0.038421258686787994,0.28337590893835723,0.18495607286300772,0.1325557381260178,0.6653871589046476,0.7894366812789438,0.5754124205362857,0.5142179086652999,0.005582885796791819,0.14956996949019252,0.2882351105652417,0.13796488085432662
2020,SOUTH DAKOTA,46,Charles Mix,"18,800","18,300",500,7608.0968,7405.7538,202.343,0.026595745,-0.005003382376256849,0.3844789980099856,0.014266990648781664,0.3381639547953143,0.379622558260998,0.29445803027547257,0.3169971076403152,0.1211644653745129,0.08836669673209024,0.018270489756753928,0.01888283301900527,0.008672434709647677,0.25409039704937786,0.3154703516325843,0.12000377418856019,0.015619792697606103,0.010693507955199954,0.13591730810623823,0.1943372763895219,0.09758897272776053,0.01844045420997901,0.2632783211297597,0.446018184525603,0.014780798716804317,0.26713061065039345,0.3196596659243622,0.3224034629618432
2020,SOUTH DAKOTA,46,Turner,"1,700","1,260",440,687.9662,509.90436,178.06184,0.258823529,0.026905645470736494,0.33672477856335203,0.044162514333835536,-0.005038353921835979,0.4614444646924341,0.24709612414484725,0.1870006527137808,0.043664768057375895,0.017360980701153626,0.006726666190347057,0.003105599507946131,-0.02088820030273112,0.01969873731052456,0.08285005544768947,0.22860275454213075,0.01068369488424191,0.013378948143951656,0.481044124913426,0.003235142569525785,-0.013667920170561135,0.08994374211292439,0.21096404590492257,0.4737360367888696,0.22529624838058834,0.23699846299986368,0.3145862543991433,0.34830774413660603
2020,SOUTH DAKOTA,46,Yankton,"1,000",680,320,404.686,275.18648,129.49952,0.32,0.130016171065271,0.44692705017529666,0.02736046540209592,0.00017158018929259032,0.4991634545728289,0.2736207448588904,0.31382329516363866,0.16715719484401417,0.0631415572333974,0.0045909127932946825,0.02128292123727198,-0.0015687209266229232,0.021995285971773505,0.12859740958317004,0.2395176139339272,0.007565573784205258,0.01765757242668977,0.4872682926567273,0.022575065614737322,-0.010612714568961349,0.029516280214935662,0.37870279145250313,0.47031312022492,0.2987027793636054,0.281403996115998,0.44672356363472127,0.36465410302602114
2020,SOUTH DAKOTA,46,Haakon,"68,400","64,300","4,100",27680.5224,26021.3098,1659.2126,0.05994152,0.010091589876389459,0.11980429391666876,0.14083186344503446,0.08578269705680808,0.3272320633150416,-0.0048282065844173355,0.15227246390348673,-0.026721367740435036,0.01617017439456366,-0.02085981497873433,-0.0023007539312390676,0.03131686648307118,0.07936888726847359,0.10013258298191217,0.00636263747321522,0.2606739496570531,0.2979691916405548,0.25682993916535224,0.2932985260645912,0.648231667173602,0.6890898898121341,0.4397585343689553,0.3702020236378069,0.12705250573630214,0.1623000178640747,0.26086257423074527,0.11878299266390527
2020,SOUTH DAKOTA,46,Jackson,"19,100","16,800","2,300",7729.5026,6798.7248,930.7778,0.120418848,0.2607458318742293,0.15138753179486086,0.12299570072794888,0.1348833834929787,0.25667712470791243,-0.009700058214828092,0.16370535364782604,-0.022994189435470543,0.027025860550995394,-0.0029402958976883884,0.060883308108530716,0.05624203469725401,0.1971643716433841,0.1030589907924833,-0.0029697110543304723,0.20423265577587868,0.21362394636658744,0.2141317692525979,0.20244572666819183,0.6107393222372615,0.7216651914296811,0.3188564091822634,0.30054087940415053,0.09643661411045074,0.18512680558590858,0.2503905582011709,0.0699874318073466
2020,SOUTH DAKOTA,46,Pennington,"43,500","42,100","1,400",17603.841,17037.2806,566.5604,0.032183908,0.1795265916899524,-0.018483648487275742,0.25230160586922284,0.021935305123273963,0.27615933889462224,-0.005183306393071843,0.012077635955720594,-0.02028004671162218,0.027593920280127367,-0.008907734390231447,0.002966568180414347,0.055031108531458386,0.10015191162250178,0.10504176668539142,0.003065797624964502,0.2619025734881906,0.22125376551360953,0.17280282919553788,0.4181718880222144,0.40924346915657017,0.72813971505501,0.6520158091860998,0.30337195684487206,0.2117928624408046,0.14268420999874026,0.21897571952724096,0.19684989716263568
2020,SOUTH DAKOTA,46,Stanley,"53,100","52,000","1,100",21488.8266,21043.672,445.1546,0.020715631,-0.012824450212933594,0.2723583432678228,0.014067789361655775,0.17901553798419118,0.33054744619565,-0.0017583471229027797,0.32696722145967955,-0.02071299626197865,0.0007807601925053074,-0.004948779941340539,0.0047624478933885085,0.02342027229210347,0.07676765731241689,0.04221506781675495,-0.00011379445180187106,0.26428257851789194,0.29018569951293,0.21288645649112525,0.28940178574334435,0.7139517664938405,0.798101651433195,0.5112903821754012,0.4440580311388265,0.036346459430223826,0.18303782033246432,0.24565707290960234,0.10167228620627526
2020,TENNESSEE,47,Bedford,"5,000","2,600","2,400",2023.43,1052.1836,971.2464,0.48,0.844545660667423,0.7049282402347135,0.5260172818679291,0.1511384511573333,0.037251930060554904,0.38084523007660964,0.4083828018777095,0.3751966709072817,0.46278744358591006,0.074242614029867,0.01637527680447919,0.6681639644286658,0.07766901949611349,0.326921222689263,0.1314347610348906,0.12350801784737284,0.015503406277008679,0.22434531051307605,0.5433520073152498,0.11851682246673705,0.2314935007901868,0.3334505345211221,0.11808887206148949,0.5098352982110598,0.6042601583320679,0.6010652798863858,0.6171885322329581
2020,TENNESSEE,47,Lincoln,"4,200","2,300","1,900",1699.6812,930.7778,768.9034,0.452380952,0.7322531023910683,0.6363211809299065,0.3247587883321302,0.4608502782628818,0.006547946202207194,0.4806902294486421,0.41144976606368744,0.07126468459511884,0.09104142638122067,0.4418384202308409,0.006546645780054899,0.5280325618223811,0.5015135368335844,0.5339097149459809,0.004492427272606393,0.11256384992962011,0.027542674770752434,0.03959225348154061,0.6983128692938028,0.5087086629310917,0.3911526925444351,0.5247200825361699,0.5675900790233482,0.5607761314018402,0.3252016986965077,0.19867584603224056,0.7596403230695372
2020,TENNESSEE,47,Macon,"1,000",600,400,404.686,242.8116,161.8744,0.4,0.6977154964147486,0.5457293308245776,0.3947144520189723,0.44839849173191454,0.07642731583365178,0.44909842795683913,0.39869110189211254,0.05801749128879385,0.12180773318260647,0.45394468751182104,0.00953440377136769,0.5055630721268707,0.43605792903453167,0.5194629243310188,0.027499136829891985,0.02883364259306472,0.018536041177609285,0.0769231483068306,0.7119842966284641,0.5053391966848579,0.521038870802569,0.23638139599809013,0.5465822260819465,0.5441819415035334,0.5461910844803647,0.6262474747824501,0.2431700447629137
2020,TENNESSEE,47,Sumner,"8,000","7,230",770,3237.488,2925.87978,311.60822,0.09625,0.48452904483340725,0.34818044508190715,0.23713354583439647,0.23780838238421212,0.015723741926423465,0.22670662701250913,0.23301251591618483,0.2337544177788638,0.2705247589857497,0.016461481271205513,0.011200554232353712,0.4317112425710356,0.010943080880257524,0.4996217204568195,0.052145866291004594,0.0790169446353918,0.035457079955729026,0.21138324550354368,0.645224115334187,0.0466127434786584,0.33506376828820544,0.06073458118807553,0.024122482413713085,0.1234445988397281,0.05110334260607755,0.45501065765080373,0.3266880350028854
2020,TENNESSEE,47,Bledsoe,700,570,130,283.2802,230.67102,52.60918,0.185714286,0.7175366522744788,0.538076416422883,0.42640041225643976,0.2485566397664774,-0.005395609903604645,0.3877768221151069,0.22781079933931322,0.03366343552396682,0.10118357666745612,0.4153254163314842,0.142516642497696,0.07475781080395467,0.48909283169021334,0.49406701744652953,-0.0002916146112693605,0.11163125655589679,0.6884183152722048,0.1648697200858377,0.6949100377918802,0.22045926696449047,0.21943050807632544,0.12252350990217416,0.4743116481654616,0.37558001620203413,0.36099887701582534,0.5289665340011445,0.11330671818201969
2020,TENNESSEE,47,Coffee,"4,200","2,000","2,200",1699.6812,809.372,890.3092,0.523809524,0.5421795210640088,0.41928534286144936,0.3010398703544914,0.08007697868783839,0.03528068987876302,0.3583657211891681,0.33679689377029376,0.023132292021708654,0.045345607824452835,0.46050242189514307,0.014593754449218604,0.523982938081605,0.5399129443792066,0.5674519545858167,0.0067994059348611005,0.2060552609361422,0.018476908571367853,0.034545251208356546,0.7910415785619034,0.4493386494002622,0.2099429044458954,0.3613218245567677,0.4367372746304692,0.2632225578946364,0.5340064685157907,0.4033110441834948,0.635293931267488
2020,TENNESSEE,47,Marion,500,450,50,202.343,182.1087,20.2343,0.1,0.6327133911488738,0.5499738484490795,0.469031206695718,0.2817335674519801,0.022052102513828217,0.49506195168740763,0.3234392570563706,0.029890527905758708,0.04679967897866975,0.39910359333027035,0.015450319635596576,0.24507974890406073,0.4062995002679901,0.5089646720064309,0.01347568300385856,0.17187757930104566,0.4376514441007468,0.056776409029682465,0.6781712262149417,0.3292744956175007,0.2765392981992687,0.3699522590582112,0.5887552944737257,0.5658424691743579,0.4564404599054679,0.1775355718804112,0.14632300901896625
2020,TENNESSEE,47,Warren,"1,500",710,790,607.029,287.32706,319.70194,0.526666667,0.6183838521219688,0.3911192463480063,0.31021629385802124,0.15733798418523395,0.0016126752302509824,0.3412147939289612,0.3015548534382881,0.030643767023061708,0.05435837986178139,0.45650634086176234,0.01395069206320621,0.49228229907978227,0.5056802680205859,0.5290986530535605,-0.003321613751398719,0.04639122008834808,0.018441833118241616,0.03018237425878735,0.7728273903240199,0.5101402051701126,0.45809231641266396,0.32824651823798817,0.421270178109489,0.4475879714725766,0.33209449495852655,0.196978408735286,0.4068732563134921
2020,TENNESSEE,47,Dyer,"19,500","16,200","3,300",7891.377,6555.9132,1335.4638,0.169230769,0.7761713906202822,0.6161587373159746,0.28771951319427524,0.251163542491547,0.25672417521210783,0.014027143481713918,0.008203823309311277,0.300926417144773,0.015295324241104545,0.22003492710158917,0.12591872197252085,0.024354647567062647,0.20593737869900552,0.0758852047831062,0.024765973056415647,0.6654028851520645,0.7831767807304445,0.008812071794036607,0.7403859780348896,0.41475519428636265,0.008004506262013962,0.23380422213173518,0.27190255011460995,0.43463833188787326,0.6719321320564237,0.17044730994040333,0.010292923648577175
2020,TENNESSEE,47,Lake,"7,100","5,320","1,780",2873.2706,2152.92952,720.34108,0.250704225,0.6239780849218441,0.5685884852735281,0.2783716835036195,0.6455853321589139,0.6168624120756063,0.017525392866112047,0.012980167719708209,0.011723687971623918,0.41314782447338183,0.2852587242704507,0.05382709930981154,0.00032267369765661655,0.18204310749156433,0.08813766938454215,0.17820515606457482,0.3231210926015304,0.4631225134516042,0.0196654352813735,0.5741672187815325,0.0057303453350346575,0.29037336551111237,0.2714527160194063,0.4225083522718705,0.7980538259127892,0.7877413302387615,0.5769980998701781,0.007842530759966515
2020,TENNESSEE,47,Obion,"14,000","12,500","1,500",5665.604,5058.575,607.029,0.107142857,0.6039898365976314,0.3851483965529159,0.13799555599735172,0.28794222361030053,0.26860207731452557,0.017029219307108042,0.01261940492801344,0.003674352456430361,0.1890028061845557,0.29563269410257154,0.15687714919770424,0.03614259533509596,0.6024246842751586,0.5948614926332246,0.02276622980812618,0.5285728360656221,0.8271117033110861,0.022835191749600258,0.7858404682865733,0.17047936119320067,-0.006719213557449546,0.21438287970615286,0.25568736006630066,0.6094180276802489,0.16717836484483756,0.07805567201438837,0.010623836158929385
2020,TENNESSEE,47,Tipton,"6,400","5,620",780,2589.9904,2274.33532,315.65508,0.121875,0.5463406397369244,0.4503142796738646,0.3975399113837682,0.4887578248045158,0.4695702710312071,0.013126966390634785,0.004334514036787451,0.24467462966778158,-0.01248900749247958,0.06672920500937311,0.05421937770706774,0.01204365603748006,0.19925569700050624,0.04034730931393607,-0.007353767008046817,0.42302167920449857,0.49153117858645495,0.025999108336434266,0.5159638752552038,0.25458432498230266,0.04374675530728767,0.45140839807544186,0.5126710713089199,0.4303649106735109,0.1922601014057978,0.037438414156824314,0.020108296943894877
2020,TENNESSEE,47,Monroe,"3,900","1,500","2,400",1578.2754,607.029,971.2464,0.615384615,0.5004226426681072,0.4954447649857188,0.3985919558945661,-0.016073946902387455,0.027285754255397147,0.378712890318894,0.21453206196537922,0.07998282045824048,0.08640857279045969,0.44973496308779665,0.04781005862441643,0.03495800452670491,0.33660022259674116,0.5581840947499223,0.028957350915999745,0.22696723381913503,0.6715626840569867,0.13520605451462492,0.6961864993856766,0.5739382327541761,0.26886676077127214,0.13852653327386033,0.47849165667427274,0.3816881171820531,0.5179632391794384,0.6082716252022042,0.28052038911267135
2020,TENNESSEE,47,Carroll,"9,500","8,960",540,3844.517,3625.98656,218.53044,0.056842105,0.2993161295894023,0.3889388819926115,0.2651073073662726,0.4091945076113339,0.02001399392877948,0.4972293963340831,0.505882123803026,0.5247609947273274,0.034441711110652785,0.009738365677118341,0.015060516179045932,0.4642789466963475,0.36531509941759605,0.33705156305930234,0.029826424331170515,0.2600469188474119,0.017685281283406712,0.06955288759788218,0.789286401685721,0.07333934906835389,0.4802184033677457,0.051168687179834756,0.4320768968032731,0.49897694331663306,0.020751516783464194,0.7852148767353733,0.35214302228018973
2020,TENNESSEE,47,Crockett,"5,700","5,190",510,2306.7102,2100.32034,206.38986,0.089473684,0.46607738656323394,0.29859573248990134,0.21173597799580232,0.30196473363036275,0.4003615510779924,0.01574193304099229,-0.006397710118427185,0.4669367712932975,-0.0017604692512422214,0.17194074489171646,0.043863533449703104,0.03006117081887914,0.3673340881318372,0.5745728360010731,0.030220228735145013,0.6384167882607447,0.6590929028238418,-0.00763009149158486,0.5937360286106775,0.21548196844790304,0.06594503705553559,0.3355900438721898,0.43886884907175605,0.5539182978780776,0.2408543504465068,0.20975523356630743,0.009251408651123894
2020,TENNESSEE,47,Gibson,"39,000","36,100","2,900",15782.754,14609.1646,1173.5894,0.074358974,0.4968970460925151,0.32526110674409464,0.2230750585675051,0.26002901087252234,0.20156620355571375,0.05135288380811157,0.05242498221842922,0.10471976235982139,0.015160839608342944,0.24556678813298696,0.14577955680676855,0.036629588176660614,0.12209192097245142,0.37856131820287514,0.022845071115447802,0.5421049718018057,0.7069151379988035,0.030479547501763456,0.7500733496059354,0.04128096639890129,0.05947500580166854,0.21717093903457826,0.27429308260093604,0.34009628493816174,0.40021169867945744,0.08233624860222778,0.0537506729321162
2020,TENNESSEE,47,Haywood,"7,500","6,800",700,3035.145,2751.8648,283.2802,0.093333333,0.7360225298688874,0.4959903381153738,0.48421641299079576,0.5834024972748016,0.5771105040199019,0.014434528480427504,-0.0011738456585042535,0.4006830618814099,-0.007130446187153448,0.0837692660522891,0.030759470188100407,0.015247025250688936,0.2328520007338597,0.2193278743966314,-0.0008245391954596347,0.4772947600941786,0.6144221776879563,0.038519491143578145,0.6479398045428361,0.2990295558353504,0.08983045478056685,0.607863942337076,0.6936761007098249,0.5874985630878697,0.5117437414984265,0.3628830266747607,0.0184333591745434
2020,TENNESSEE,47,Henry,"8,800","7,820",980,3561.2368,3164.64452,396.59228,0.111363636,0.573293707448024,0.3126840015459116,0.22201166014053514,0.3258815550108587,0.019564091687286497,0.32389204392695015,0.31606605027202866,0.0290956807459025,0.00725615504311414,0.01604387039508164,0.007808158939483571,0.5252431091124397,0.44656225656437215,0.1718819805844665,0.036626069536986036,0.044232707703328905,0.015976573363408623,0.05885302766715532,0.5793879864666003,0.06702279969028099,0.39611631546590215,0.017695009684632876,0.4256529410317569,0.6574104246882837,0.03276993684190318,0.8051243138436989,0.2703295457539671
