date,value
03/01/00,2.475
04/01/00,2.4725
05/01/00,2.4975
06/01/00,2.485
07/01/00,2.5175
10/01/00,2.535
11/01/00,2.5375
12/01/00,2.5875
13/01/00,2.635
14/01/00,2.65
18/01/00,2.645
19/01/00,2.66
20/01/00,2.65
21/01/00,2.6425
24/01/00,2.66
25/01/00,2.6475
26/01/00,2.6
27/01/00,2.635
28/01/00,2.5975
31/01/00,2.5625
01/02/00,2.58
02/02/00,2.5725
03/02/00,2.5375
04/02/00,2.57
07/02/00,2.5875
08/02/00,2.5925
09/02/00,2.655
10/02/00,2.7175
11/02/00,2.695
14/02/00,2.6875
15/02/00,2.66
16/02/00,2.6525
17/02/00,2.625
18/02/00,2.6475
22/02/00,2.6225
23/02/00,2.5475
24/02/00,2.5725
25/02/00,2.525
28/02/00,2.5185
29/02/00,2.566
01/03/00,2.5975
02/03/00,2.5825
03/03/00,2.5825
06/03/00,2.605
07/03/00,2.5975
08/03/00,2.6175
09/03/00,2.6325
10/03/00,2.6
13/03/00,2.635
14/03/00,2.71
15/03/00,2.6875
16/03/00,2.6625
17/03/00,2.7225
20/03/00,2.6625
21/03/00,2.6025
22/03/00,2.6175
23/03/00,2.5625
24/03/00,2.5275
27/03/00,2.545
28/03/00,2.4975
29/03/00,2.5125
30/03/00,2.555
31/03/00,2.6225
03/04/00,2.5775
04/04/00,2.5575
05/04/00,2.5625
06/04/00,2.5375
07/04/00,2.585
10/04/00,2.5275
11/04/00,2.5275
12/04/00,2.555
13/04/00,2.5775
14/04/00,2.5575
17/04/00,2.5325
18/04/00,2.5225
19/04/00,2.53
20/04/00,2.51
24/04/00,2.5075
25/04/00,2.548
26/04/00,2.535
27/04/00,2.488
28/04/00,2.5225
01/05/00,2.6475
02/05/00,2.6575
03/05/00,2.72
04/05/00,2.765
05/05/00,2.7275
08/05/00,2.6875
09/05/00,2.685
10/05/00,2.75
11/05/00,2.82
12/05/00,2.8425
15/05/00,2.8225
16/05/00,2.8125
17/05/00,2.77
18/05/00,2.72
19/05/00,2.7625
22/05/00,2.8025
23/05/00,2.8125
24/05/00,2.795
25/05/00,2.795
26/05/00,2.8075
30/05/00,2.7425
31/05/00,2.7475
01/06/00,2.705
02/06/00,2.7125
05/06/00,2.66
06/06/00,2.67
07/06/00,2.6425
08/06/00,2.665
09/06/00,2.6975
12/06/00,2.6575
13/06/00,2.6475
14/06/00,2.6125
15/06/00,2.6275
16/06/00,2.63
19/06/00,2.6875
20/06/00,2.7375
21/06/00,2.77
22/06/00,2.775
23/06/00,2.7225
26/06/00,2.74
27/06/00,2.7605
28/06/00,2.766
29/06/00,2.7955
30/06/00,2.689
03/07/00,2.575
05/07/00,2.5875
06/07/00,2.55
07/07/00,2.5475
10/07/00,2.57
11/07/00,2.5625
12/07/00,2.525
13/07/00,2.545
14/07/00,2.4875
17/07/00,2.4425
18/07/00,2.4125
19/07/00,2.445
20/07/00,2.4675
21/07/00,2.4725
24/07/00,2.455
25/07/00,2.455
26/07/00,2.4425
27/07/00,2.4575
28/07/00,2.48
31/07/00,2.4625
01/08/00,2.45
02/08/00,2.4625
03/08/00,2.4225
04/08/00,2.37
07/08/00,2.335
08/08/00,2.365
09/08/00,2.355
10/08/00,2.3575
11/08/00,2.3675
14/08/00,2.385
15/08/00,2.405
16/08/00,2.435
17/08/00,2.395
18/08/00,2.3875
21/08/00,2.3625
22/08/00,2.3475
23/08/00,2.3375
24/08/00,2.4
25/08/00,2.415
28/08/00,2.4625
29/08/00,2.5765
30/08/00,2.5705
31/08/00,2.6475
01/09/00,2.675
05/09/00,2.695
06/09/00,2.64
07/09/00,2.655
08/09/00,2.6625
11/09/00,2.655
12/09/00,2.6075
13/09/00,2.57
14/09/00,2.5425
15/09/00,2.5225
18/09/00,2.5625
19/09/00,2.4925
20/09/00,2.4975
21/09/00,2.475
22/09/00,2.5075
25/09/00,2.535
26/09/00,2.545
27/09/00,2.585
28/09/00,2.5925
29/09/00,2.65
02/10/00,2.67
03/10/00,2.6875
04/10/00,2.6725
05/10/00,2.6725
06/10/00,2.68
09/10/00,2.6725
10/10/00,2.7525
11/10/00,2.7675
12/10/00,2.735
13/10/00,2.6725
16/10/00,2.7075
17/10/00,2.685
18/10/00,2.6375
19/10/00,2.6025
20/10/00,2.6125
23/10/00,2.5675
24/10/00,2.5625
25/10/00,2.555
26/10/00,2.5625
27/10/00,2.59
30/10/00,2.555
31/10/00,2.5475
01/11/00,2.5475
02/11/00,2.5975
03/11/00,2.64
06/11/00,2.6275
07/11/00,2.6225
08/11/00,2.6525
09/11/00,2.5825
10/11/00,2.5675
13/11/00,2.5775
14/11/00,2.5575
15/11/00,2.545
16/11/00,2.545
17/11/00,2.56
20/11/00,2.56
21/11/00,2.5475
22/11/00,2.575
24/11/00,2.605
27/11/00,2.609
28/11/00,2.626
29/11/00,2.6245
30/11/00,2.702
01/12/00,2.7775
04/12/00,2.795
05/12/00,2.7725
06/12/00,2.7675
07/12/00,2.705
08/12/00,2.735
11/12/00,2.7075
12/12/00,2.705
13/12/00,2.7025
14/12/00,2.68
15/12/00,2.6525
18/12/00,2.6875
19/12/00,2.725
20/12/00,2.71
21/12/00,2.7275
22/12/00,2.7575
26/12/00,2.745
27/12/00,2.7275
28/12/00,2.7175
29/12/00,2.795
02/01/01,2.7625
03/01/01,2.8325
04/01/01,2.8425
05/01/01,2.83
08/01/01,2.83
09/01/01,2.85
10/01/01,2.89
11/01/01,2.8975
12/01/01,2.89
16/01/01,2.8525
17/01/01,2.825
18/01/01,2.845
19/01/01,2.855
22/01/01,2.8525
23/01/01,2.8575
24/01/01,2.855
25/01/01,2.79
26/01/01,2.7625
29/01/01,2.6925
30/01/01,2.705
31/01/01,2.73
01/02/01,2.7025
02/02/01,2.72
05/02/01,2.685
06/02/01,2.67
07/02/01,2.67
08/02/01,2.6675
09/02/01,2.6625
12/02/01,2.6175
13/02/01,2.63
14/02/01,2.675
15/02/01,2.675
16/02/01,2.6425
20/02/01,2.6625
21/02/01,2.6225
22/02/01,2.585
23/02/01,2.616
26/02/01,2.632
27/02/01,2.6455
28/02/01,2.744
01/03/01,2.7725
02/03/01,2.8025
05/03/01,2.8375
06/03/01,2.825
07/03/01,2.8
08/03/01,2.8
09/03/01,2.795
12/03/01,2.855
13/03/01,2.855
14/03/01,2.8375
15/03/01,2.7375
16/03/01,2.705
19/03/01,2.6875
20/03/01,2.7075
21/03/01,2.665
22/03/01,2.5975
23/03/01,2.6225
26/03/01,2.67
27/03/01,2.67
28/03/01,2.6425
29/03/01,2.65
30/03/01,2.55
02/04/01,2.59
03/04/01,2.6175
04/04/01,2.6525
05/04/01,2.65
06/04/01,2.62
09/04/01,2.6
10/04/01,2.5725
11/04/01,2.6075
12/04/01,2.6675
16/04/01,2.695
17/04/01,2.6575
18/04/01,2.6825
19/04/01,2.675
20/04/01,2.67
23/04/01,2.645
24/04/01,2.6375
25/04/01,2.7085
26/04/01,2.7435
27/04/01,2.7165
30/04/01,2.8115
01/05/01,2.82
02/05/01,2.785
03/05/01,2.735
04/05/01,2.7375
07/05/01,2.6925
08/05/01,2.6675
09/05/01,2.6575
10/05/01,2.685
11/05/01,2.7125
14/05/01,2.785
15/05/01,2.775
16/05/01,2.7575
17/05/01,2.7575
18/05/01,2.7175
21/05/01,2.63
22/05/01,2.5975
23/05/01,2.6
24/05/01,2.6175
25/05/01,2.5975
29/05/01,2.6475
30/05/01,2.64
31/05/01,2.67
01/06/01,2.7075
04/06/01,2.635
05/06/01,2.605
06/06/01,2.615
07/06/01,2.6425
08/06/01,2.64
11/06/01,2.6175
12/06/01,2.6325
13/06/01,2.62
14/06/01,2.5925
15/06/01,2.5575
18/06/01,2.6275
19/06/01,2.615
20/06/01,2.56
21/06/01,2.5525
22/06/01,2.51
25/06/01,2.4575
26/06/01,2.5045
27/06/01,2.518
28/06/01,2.498
29/06/01,2.5575
02/07/01,2.61
03/07/01,2.635
05/07/01,2.6675
06/07/01,2.685
09/07/01,2.68
10/07/01,2.71
11/07/01,2.7275
12/07/01,2.8925
13/07/01,2.865
16/07/01,2.82
17/07/01,2.9
18/07/01,2.8875
19/07/01,2.89
20/07/01,2.8325
23/07/01,2.835
24/07/01,2.825
25/07/01,2.825
26/07/01,2.81
27/07/01,2.8025
30/07/01,2.77
31/07/01,2.785
01/08/01,2.745
02/08/01,2.695
03/08/01,2.6475
06/08/01,2.65
07/08/01,2.67
08/08/01,2.685
09/08/01,2.71
10/08/01,2.7025
13/08/01,2.715
14/08/01,2.6875
15/08/01,2.665
16/08/01,2.67
17/08/01,2.6725
20/08/01,2.6625
21/08/01,2.68
22/08/01,2.7025
23/08/01,2.7725
24/08/01,2.7425
27/08/01,2.735
28/08/01,2.7245
29/08/01,2.802
30/08/01,2.8005
31/08/01,2.868
04/09/01,2.875
05/09/01,2.855
06/09/01,2.8125
07/09/01,2.8025
10/09/01,2.8075
13/09/01,2.82
14/09/01,2.7225
17/09/01,2.745
18/09/01,2.675
19/09/01,2.6275
20/09/01,2.6575
21/09/01,2.66
24/09/01,2.6675
25/09/01,2.7075
26/09/01,2.755
27/09/01,2.745
28/09/01,2.7075
01/10/01,2.6625
02/10/01,2.635
03/10/01,2.695
04/10/01,2.7275
05/10/01,2.7325
08/10/01,2.7175
09/10/01,2.7425
10/10/01,2.79
11/10/01,2.7925
12/10/01,2.7625
15/10/01,2.735
16/10/01,2.7775
17/10/01,2.8475
18/10/01,2.83
19/10/01,2.87
22/10/01,2.82
23/10/01,2.855
24/10/01,2.8375
25/10/01,2.89
26/10/01,2.95
29/10/01,2.9125
30/10/01,2.955
31/10/01,2.9325
01/11/01,2.8875
02/11/01,2.855
05/11/01,2.8425
06/11/01,2.855
07/11/01,2.87
08/11/01,2.8375
09/11/01,2.86
12/11/01,2.83
13/11/01,2.78
14/11/01,2.8075
15/11/01,2.8025
16/11/01,2.8925
19/11/01,2.8925
20/11/01,2.8675
21/11/01,2.87
23/11/01,2.89
26/11/01,2.77
27/11/01,2.8085
28/11/01,2.775
29/11/01,2.7835
30/11/01,2.879
03/12/01,2.8725
04/12/01,2.8375
05/12/01,2.8525
06/12/01,2.8175
07/12/01,2.84
10/12/01,2.835
11/12/01,2.8675
12/12/01,2.86
13/12/01,2.825
14/12/01,2.8675
17/12/01,2.8625
18/12/01,2.8575
19/12/01,2.93
20/12/01,2.875
21/12/01,2.8875
26/12/01,2.845
27/12/01,2.91
28/12/01,2.9025
31/12/01,2.89
02/01/02,2.92
03/01/02,3
04/01/02,3.07
07/01/02,3.0475
08/01/02,3.05
09/01/02,3.0275
10/01/02,3.035
11/01/02,3.0825
14/01/02,3.0675
15/01/02,3.02
16/01/02,3.035
17/01/02,3.0075
18/01/02,2.98
22/01/02,2.9525
23/01/02,2.97
24/01/02,2.985
25/01/02,2.99
28/01/02,2.9125
29/01/02,2.895
30/01/02,2.8525
31/01/02,2.86
01/02/02,2.87
04/02/02,2.8075
05/02/02,2.83
06/02/02,2.8025
07/02/02,2.81
08/02/02,2.8175
11/02/02,2.81
12/02/02,2.8075
13/02/02,2.8225
14/02/02,2.8075
15/02/02,2.7525
19/02/02,2.7775
20/02/02,2.8
21/02/02,2.7875
22/02/02,2.8025
25/02/02,2.7925
26/02/02,2.7765
27/02/02,2.763
28/02/02,2.7425
01/03/02,2.785
04/03/02,2.785
05/03/02,2.82
06/03/02,2.82
07/03/02,2.7975
08/03/02,2.7775
11/03/02,2.74
12/03/02,2.7625
13/03/02,2.7625
14/03/02,2.7925
15/03/02,2.8225
18/03/02,2.7775
19/03/02,2.815
20/03/02,2.7725
21/03/02,2.82
22/03/02,2.8175
25/03/02,2.8375
26/03/02,2.8725
27/03/02,2.9425
28/03/02,2.85
01/04/02,2.8525
02/04/02,2.8325
03/04/02,2.835
04/04/02,2.805
05/04/02,2.7725
08/04/02,2.73
09/04/02,2.7025
10/04/02,2.725
11/04/02,2.7125
12/04/02,2.725
15/04/02,2.7175
16/04/02,2.75
17/04/02,2.7575
18/04/02,2.6825
19/04/02,2.67
22/04/02,2.6475
23/04/02,2.645
24/04/02,2.635
25/04/02,2.6245
26/04/02,2.6125
29/04/02,2.614
30/04/02,2.6735
01/05/02,2.7375
02/05/02,2.665
03/05/02,2.685
06/05/02,2.715
07/05/02,2.735
08/05/02,2.7225
09/05/02,2.7275
10/05/02,2.715
13/05/02,2.7875
14/05/02,2.785
15/05/02,2.835
16/05/02,2.765
17/05/02,2.7375
20/05/02,2.7675
21/05/02,2.73
22/05/02,2.69
23/05/02,2.715
24/05/02,2.6925
28/05/02,2.72
29/05/02,2.7625
30/05/02,2.765
31/05/02,2.8225
03/06/02,2.8675
04/06/02,2.82
05/06/02,2.8325
06/06/02,2.805
07/06/02,2.75
10/06/02,2.7825
11/06/02,2.795
12/06/02,2.835
13/06/02,2.955
14/06/02,2.9425
17/06/02,2.8925
18/06/02,2.8925
19/06/02,2.915
20/06/02,2.9125
21/06/02,2.8725
24/06/02,2.9175
25/06/02,2.9275
26/06/02,2.962
27/06/02,3.11
28/06/02,3.118
01/07/02,3.225
02/07/02,3.205
03/07/02,3.22
05/07/02,3.2275
08/07/02,3.17
09/07/02,3.205
10/07/02,3.2475
11/07/02,3.2325
12/07/02,3.1825
15/07/02,3.2375
16/07/02,3.34
17/07/02,3.35
18/07/02,3.3325
19/07/02,3.3075
22/07/02,3.3975
23/07/02,3.3275
24/07/02,3.36
25/07/02,3.35
26/07/02,3.35
29/07/02,3.265
30/07/02,3.26
31/07/02,3.34
01/08/02,3.3475
02/08/02,3.37
05/08/02,3.38
06/08/02,3.4175
07/08/02,3.4625
08/08/02,3.385
09/08/02,3.445
12/08/02,3.5175
13/08/02,3.5675
14/08/02,3.57
15/08/02,3.505
16/08/02,3.4775
19/08/02,3.4925
20/08/02,3.3875
21/08/02,3.3825
22/08/02,3.4025
23/08/02,3.4775
26/08/02,3.535
27/08/02,3.549
28/08/02,3.5955
29/08/02,3.605
30/08/02,3.6845
03/09/02,3.7425
04/09/02,3.8625
05/09/02,3.93
06/09/02,4.1
09/09/02,4.22
10/09/02,4.16
11/09/02,4.1425
12/09/02,4.06
13/09/02,3.9275
16/09/02,4.0075
17/09/02,4.0525
18/09/02,4.13
19/09/02,3.955
20/09/02,4
23/09/02,3.895
24/09/02,4.035
25/09/02,3.91
26/09/02,4.0225
27/09/02,4.025
30/09/02,3.965
01/10/02,3.965
02/10/02,3.835
03/10/02,3.7475
04/10/02,3.7625
07/10/02,3.8175
08/10/02,3.8175
09/10/02,3.7225
10/10/02,3.6575
11/10/02,3.655
14/10/02,3.6325
15/10/02,3.9325
16/10/02,4.0825
17/10/02,4.06
18/10/02,4.13
21/10/02,4.0875
22/10/02,4.0375
23/10/02,3.965
24/10/02,4.1175
25/10/02,4.105
28/10/02,4.155
29/10/02,4.1575
30/10/02,4.0675
31/10/02,4.0225
01/11/02,4.135
04/11/02,4.0825
05/11/02,4.0075
06/11/02,3.945
07/11/02,3.97
08/11/02,3.825
11/11/02,3.835
12/11/02,3.745
13/11/02,3.81
14/11/02,3.9125
15/11/02,3.8975
18/11/02,3.8225
19/11/02,3.85
20/11/02,3.745
21/11/02,3.7425
22/11/02,3.7375
25/11/02,3.825
26/11/02,3.763
27/11/02,3.8245
29/11/02,3.784
02/12/02,3.7625
03/12/02,3.6025
04/12/02,3.6175
05/12/02,3.53
06/12/02,3.5775
09/12/02,3.575
10/12/02,3.495
11/12/02,3.5475
12/12/02,3.545
13/12/02,3.53
16/12/02,3.55
17/12/02,3.615
18/12/02,3.56
19/12/02,3.5025
20/12/02,3.4275
23/12/02,3.4575
26/12/02,3.3825
27/12/02,3.33
30/12/02,3.29
31/12/02,3.25
02/01/03,3.2875
03/01/03,3.305
06/01/03,3.315
07/01/03,3.2775
08/01/03,3.37
09/01/03,3.29
10/01/03,3.1925
13/01/03,3.1125
14/01/03,3.1425
15/01/03,3.1275
16/01/03,3.11
17/01/03,3.1675
21/01/03,3.1925
22/01/03,3.145
23/01/03,3.1175
24/01/03,3.185
27/01/03,3.105
28/01/03,3.17
29/01/03,3.13
30/01/03,3.15
31/01/03,3.205
03/02/03,3.235
04/02/03,3.24
05/02/03,3.24
06/02/03,3.27
07/02/03,3.31
10/02/03,3.3475
11/02/03,3.3
12/02/03,3.255
13/02/03,3.265
14/02/03,3.3425
18/02/03,3.355
19/02/03,3.2775
20/02/03,3.32
21/02/03,3.285
24/02/03,3.215
25/02/03,3.206
26/02/03,3.1985
27/02/03,3.096
28/02/03,3.107
03/03/03,3.16
04/03/03,3.19
05/03/03,3.14
06/03/03,3.1375
07/03/03,3.045
10/03/03,3.05
11/03/03,3.03
12/03/03,2.9925
13/03/03,3.0325
14/03/03,2.995
17/03/03,2.9275
18/03/03,2.96
19/03/03,2.9475
20/03/03,2.9475
21/03/03,2.86
24/03/03,2.81
25/03/03,2.81
26/03/03,2.8425
27/03/03,2.835
28/03/03,2.7925
31/03/03,2.8675
01/04/03,2.83
02/04/03,2.875
03/04/03,2.815
04/04/03,2.85
07/04/03,2.9025
08/04/03,2.835
09/04/03,2.87
10/04/03,2.855
11/04/03,2.8425
14/04/03,2.8075
15/04/03,2.86
16/04/03,2.8175
17/04/03,2.86
21/04/03,2.9025
22/04/03,2.8825
23/04/03,2.9425
24/04/03,2.9275
25/04/03,2.919
28/04/03,2.8435
29/04/03,2.8135
30/04/03,2.821
01/05/03,2.8175
02/05/03,2.8375
05/05/03,2.8875
06/05/03,2.93
07/05/03,3.0175
08/05/03,2.985
09/05/03,3.21
12/05/03,3.31
13/05/03,3.3125
14/05/03,3.2925
15/05/03,3.3875
16/05/03,3.385
19/05/03,3.285
20/05/03,3.35
21/05/03,3.3225
22/05/03,3.255
23/05/03,3.2275
27/05/03,3.275
28/05/03,3.19
29/05/03,3.24
30/05/03,3.2425
02/06/03,3.1875
03/06/03,3.195
04/06/03,3.135
05/06/03,3.205
06/06/03,3.205
09/06/03,3.2725
10/06/03,3.3375
11/06/03,3.305
12/06/03,3.37
13/06/03,3.1775
16/06/03,3.16
17/06/03,3.1675
18/06/03,3.165
19/06/03,3.1575
20/06/03,3.1175
23/06/03,3.07
24/06/03,3.0225
25/06/03,3.025
26/06/03,3.017
27/06/03,3.0065
30/06/03,3.0875
01/07/03,3.145
02/07/03,3.1425
03/07/03,3.1025
07/07/03,3.0625
08/07/03,3.08
09/07/03,3.17
10/07/03,3.15
11/07/03,3.215
14/07/03,3.1875
15/07/03,3.1525
16/07/03,3.2075
17/07/03,3.275
18/07/03,3.355
21/07/03,3.345
22/07/03,3.3325
23/07/03,3.4625
24/07/03,3.435
25/07/03,3.425
28/07/03,3.495
29/07/03,3.4725
30/07/03,3.3925
31/07/03,3.485
01/08/03,3.51
04/08/03,3.54
05/08/03,3.4975
06/08/03,3.585
07/08/03,3.5725
08/08/03,3.575
11/08/03,3.585
12/08/03,3.6175
13/08/03,3.65
14/08/03,3.6825
15/08/03,3.785
18/08/03,3.835
19/08/03,3.6925
20/08/03,3.66
21/08/03,3.63
22/08/03,3.6275
25/08/03,3.5825
26/08/03,3.6355
27/08/03,3.6595
28/08/03,3.6685
29/08/03,3.783
02/09/03,3.7725
03/09/03,3.715
04/09/03,3.6775
05/09/03,3.59
08/09/03,3.6175
09/09/03,3.585
10/09/03,3.5775
11/09/03,3.5175
12/09/03,3.515
15/09/03,3.5625
16/09/03,3.535
17/09/03,3.495
18/09/03,3.4075
19/09/03,3.4725
22/09/03,3.455
23/09/03,3.4475
24/09/03,3.53
25/09/03,3.605
26/09/03,3.595
29/09/03,3.5525
30/09/03,3.6025
01/10/03,3.6425
02/10/03,3.59
03/10/03,3.5225
06/10/03,3.41
07/10/03,3.325
08/10/03,3.2775
09/10/03,3.2725
10/10/03,3.2675
13/10/03,3.34
14/10/03,3.255
15/10/03,3.345
16/10/03,3.3625
17/10/03,3.2825
20/10/03,3.3375
21/10/03,3.405
22/10/03,3.545
23/10/03,3.695
24/10/03,3.6925
27/10/03,3.6725
28/10/03,3.7725
29/10/03,3.7575
30/10/03,3.69
31/10/03,3.695
03/11/03,3.65
04/11/03,3.635
05/11/03,3.78
06/11/03,3.755
07/11/03,3.78
10/11/03,3.83
11/11/03,3.89
12/11/03,4.035
13/11/03,4.0575
14/11/03,4.055
17/11/03,3.9975
18/11/03,3.8825
19/11/03,3.635
20/11/03,3.735
21/11/03,3.8325
24/11/03,3.8165
25/11/03,3.9245
26/11/03,3.937
28/11/03,4.0425
01/12/03,4.0875
02/12/03,4.065
03/12/03,4.1475
04/12/03,4.11
05/12/03,4.0325
08/12/03,4.095
09/12/03,4.065
10/12/03,3.9875
11/12/03,3.8975
12/12/03,3.935
15/12/03,3.865
16/12/03,3.895
17/12/03,3.86
18/12/03,3.9325
19/12/03,3.9425
22/12/03,3.855
23/12/03,3.705
24/12/03,3.63
26/12/03,3.66
29/12/03,3.64
30/12/03,3.6525
31/12/03,3.77
02/01/04,4.0575
05/01/04,3.985
06/01/04,3.945
07/01/04,3.955
08/01/04,3.94
09/01/04,3.855
12/01/04,3.9925
13/01/04,3.92
14/01/04,3.9525
15/01/04,3.8625
16/01/04,3.98
20/01/04,3.955
21/01/04,3.92
22/01/04,3.87
23/01/04,3.815
26/01/04,3.8125
27/01/04,3.8
28/01/04,3.7475
29/01/04,3.8025
30/01/04,3.89
02/02/04,3.85
03/02/04,3.805
04/02/04,3.76
05/02/04,3.81
06/02/04,3.785
09/02/04,3.8225
10/02/04,3.845
11/02/04,3.885
12/02/04,3.8675
13/02/04,3.8025
17/02/04,3.7525
18/02/04,3.645
19/02/04,3.7275
20/02/04,3.715
23/02/04,3.91
24/02/04,3.937
25/02/04,3.9015
26/02/04,3.9275
27/02/04,3.8875
01/03/04,3.85
02/03/04,3.8175
03/03/04,3.7625
04/03/04,3.785
05/03/04,3.7375
08/03/04,3.6775
09/03/04,3.7025
10/03/04,3.66
11/03/04,3.6125
12/03/04,3.645
15/03/04,3.73
16/03/04,3.72
17/03/04,3.915
18/03/04,3.98
19/03/04,3.9275
22/03/04,4.2275
23/03/04,4.13
24/03/04,4.12
25/03/04,4.08
26/03/04,4.0525
29/03/04,4.0575
30/03/04,4.1525
31/03/04,4.08
01/04/04,4.105
02/04/04,4.1625
05/04/04,4.14
06/04/04,4.165
07/04/04,4.15
08/04/04,4.145
12/04/04,4.075
13/04/04,3.93
14/04/04,4.0125
15/04/04,3.83
16/04/04,3.885
19/04/04,3.94
20/04/04,3.97
21/04/04,3.85
22/04/04,3.79
23/04/04,3.73
26/04/04,3.74
27/04/04,3.803
28/04/04,3.765
29/04/04,3.8555
30/04/04,3.883
03/05/04,3.9725
04/05/04,4.1125
05/05/04,4.08
06/05/04,4.0325
07/05/04,4.03
10/05/04,3.8525
11/05/04,3.79
12/05/04,3.695
13/05/04,3.6925
14/05/04,3.585
17/05/04,3.6775
18/05/04,3.705
19/05/04,3.77
20/05/04,3.7025
21/05/04,3.6825
24/05/04,3.785
25/05/04,3.78
26/05/04,3.815
27/05/04,3.6925
28/05/04,3.62
01/06/04,3.8825
02/06/04,3.75
03/06/04,3.6725
04/06/04,3.7
07/06/04,3.63
08/06/04,3.63
09/06/04,3.6
10/06/04,3.505
14/06/04,3.565
15/06/04,3.51
16/06/04,3.52
17/06/04,3.525
18/06/04,3.5275
21/06/04,3.5425
22/06/04,3.4375
23/06/04,3.4525
24/06/04,3.395
25/06/04,3.43
28/06/04,3.423
29/06/04,3.4335
30/06/04,3.442
01/07/04,3.385
02/07/04,3.415
06/07/04,3.4475
07/07/04,3.4825
08/07/04,3.415
09/07/04,3.38
12/07/04,3.455
13/07/04,3.395
14/07/04,3.45
15/07/04,3.3325
16/07/04,3.3325
19/07/04,3.355
20/07/04,3.3125
21/07/04,3.24
22/07/04,3.2275
23/07/04,3.2875
26/07/04,3.2375
27/07/04,3.2125
28/07/04,3.1475
29/07/04,3.1275
30/07/04,3.1225
02/08/04,3.17
03/08/04,3.17
04/08/04,3.185
05/08/04,3.215
06/08/04,3.1575
09/08/04,3.16
10/08/04,3.12
11/08/04,3.0475
12/08/04,2.995
13/08/04,2.995
16/08/04,3.0275
17/08/04,3.0875
18/08/04,3.0175
19/08/04,3.095
20/08/04,3.12
23/08/04,3.21
24/08/04,3.115
25/08/04,3.06
26/08/04,3.0835
27/08/04,3.066
30/08/04,3.1105
31/08/04,3.2015
01/09/04,3.3025
02/09/04,3.225
03/09/04,3.19
07/09/04,3.1725
08/09/04,3.1975
09/09/04,3.2025
10/09/04,3.335
13/09/04,3.3625
14/09/04,3.3175
15/09/04,3.3725
16/09/04,3.3825
17/09/04,3.3325
20/09/04,3.2875
21/09/04,3.3475
22/09/04,3.2575
23/09/04,3.2525
24/09/04,3.2175
27/09/04,3.205
28/09/04,3.1575
29/09/04,3.1975
30/09/04,3.0675
01/10/04,3.0375
04/10/04,3.025
05/10/04,3.0625
06/10/04,3.02
07/10/04,3.0275
08/10/04,3.0325
11/10/04,3.03
12/10/04,3.11
13/10/04,3.12
14/10/04,3.14
15/10/04,3.1925
18/10/04,3.1475
19/10/04,3.1925
20/10/04,3.135
21/10/04,3.1175
22/10/04,3.085
25/10/04,3.16
26/10/04,3.155
27/10/04,3.1925
28/10/04,3.2225
29/10/04,3.165
01/11/04,3.0625
02/11/04,3.0225
03/11/04,3.0025
04/11/04,3.03
05/11/04,3.065
08/11/04,3.0875
09/11/04,3.045
10/11/04,3.035
11/11/04,3.0275
12/11/04,3.0275
15/11/04,3.0625
16/11/04,3.1075
17/11/04,3.185
18/11/04,3.1625
19/11/04,3.0975
22/11/04,3.02
23/11/04,3.005
24/11/04,3.014
26/11/04,2.9595
29/11/04,2.951
30/11/04,2.9895
01/12/04,2.975
02/12/04,2.9625
03/12/04,3.045
06/12/04,3.055
07/12/04,2.99
08/12/04,3
09/12/04,3.02
10/12/04,2.965
13/12/04,2.99
14/12/04,3.01
15/12/04,3.025
16/12/04,2.975
17/12/04,3.0425
20/12/04,3.06
21/12/04,3.055
22/12/04,3.07
23/12/04,3.095
27/12/04,3.05
28/12/04,3.05
29/12/04,3.035
30/12/04,3.075
03/01/05,3.0225
04/01/05,2.96
05/01/05,2.9975
06/01/05,3.0825
07/01/05,3.0975
10/01/05,3.0775
11/01/05,3.065
12/01/05,3.0725
13/01/05,3.075
14/01/05,2.975
18/01/05,2.965
19/01/05,2.99
20/01/05,2.9475
21/01/05,2.9575
24/01/05,2.9525
25/01/05,2.97
26/01/05,2.9525
27/01/05,2.895
28/01/05,2.9
31/01/05,2.91
01/02/05,2.9225
02/02/05,2.8825
03/02/05,2.8975
04/02/05,2.8775
07/02/05,2.925
08/02/05,2.9175
09/02/05,2.9
10/02/05,2.9625
11/02/05,2.945
14/02/05,3.0175
15/02/05,2.9925
16/02/05,2.925
17/02/05,2.955
18/02/05,2.96
22/02/05,3.125
23/02/05,3.177
24/02/05,3.1615
25/02/05,3.2925
28/02/05,3.4365
01/03/05,3.3825
02/03/05,3.405
03/03/05,3.38
04/03/05,3.37
07/03/05,3.3225
08/03/05,3.3725
09/03/05,3.4075
10/03/05,3.48
11/03/05,3.58
14/03/05,3.54
15/03/05,3.68
16/03/05,3.61
17/03/05,3.665
18/03/05,3.565
21/03/05,3.425
22/03/05,3.445
23/03/05,3.3675
24/03/05,3.385
28/03/05,3.36
29/03/05,3.345
30/03/05,3.335
31/03/05,3.31
01/04/05,3.225
04/04/05,3.165
05/04/05,3.1125
06/04/05,3.1425
07/04/05,3.1425
08/04/05,3.1
11/04/05,3.135
12/04/05,3.11
13/04/05,3.105
14/04/05,3.09
15/04/05,3.0525
18/04/05,3.0175
19/04/05,3.08
20/04/05,3.1075
21/04/05,3.11
22/04/05,3.0925
25/04/05,3.2075
26/04/05,3.249
27/04/05,3.234
28/04/05,3.2325
29/04/05,3.244
02/05/05,3.2325
03/05/05,3.1775
04/05/05,3.1725
05/05/05,3.1375
06/05/05,3.17
09/05/05,3.135
10/05/05,3.215
11/05/05,3.1375
12/05/05,3.0875
13/05/05,3.0275
16/05/05,3.0625
17/05/05,3.1
18/05/05,3.15
19/05/05,3.095
20/05/05,3.13
23/05/05,3.3375
24/05/05,3.32
25/05/05,3.3025
26/05/05,3.3775
27/05/05,3.35
31/05/05,3.3175
01/06/05,3.315
02/06/05,3.235
03/06/05,3.2325
06/06/05,3.225
07/06/05,3.1925
08/06/05,3.1325
09/06/05,3.1425
10/06/05,3.135
13/06/05,3.1375
14/06/05,3.16
15/06/05,3.23
16/06/05,3.235
17/06/05,3.275
20/06/05,3.39
21/06/05,3.35
22/06/05,3.36
23/06/05,3.3175
24/06/05,3.395
27/06/05,3.329
28/06/05,3.3195
29/06/05,3.345
30/06/05,3.295
01/07/05,3.345
05/07/05,3.465
06/07/05,3.42
07/07/05,3.44
08/07/05,3.3725
11/07/05,3.3525
12/07/05,3.325
13/07/05,3.3975
14/07/05,3.445
15/07/05,3.485
18/07/05,3.5225
19/07/05,3.385
20/07/05,3.3325
21/07/05,3.27
22/07/05,3.305
25/07/05,3.2575
26/07/05,3.285
27/07/05,3.305
28/07/05,3.33
29/07/05,3.2775
01/08/05,3.305
02/08/05,3.32
03/08/05,3.26
04/08/05,3.25
05/08/05,3.2
08/08/05,3.2225
09/08/05,3.195
10/08/05,3.235
11/08/05,3.2625
12/08/05,3.2125
15/08/05,3.1575
16/08/05,3.1025
17/08/05,3.1425
18/08/05,3.2075
19/08/05,3.2525
22/08/05,3.23
23/08/05,3.1725
24/08/05,3.14
25/08/05,3.1575
26/08/05,3.153
29/08/05,3.168
30/08/05,3.1685
31/08/05,3.143
01/09/05,3.225
02/09/05,3.2
06/09/05,3.21
07/09/05,3.1875
08/09/05,3.235
09/09/05,3.2575
12/09/05,3.265
13/09/05,3.295
14/09/05,3.2725
15/09/05,3.2275
16/09/05,3.2425
19/09/05,3.2025
20/09/05,3.2125
21/09/05,3.2525
22/09/05,3.3225
23/09/05,3.335
26/09/05,3.2925
27/09/05,3.27
28/09/05,3.2875
29/09/05,3.335
30/09/05,3.4625
03/10/05,3.4875
04/10/05,3.4725
05/10/05,3.45
06/10/05,3.4525
07/10/05,3.38
10/10/05,3.3975
11/10/05,3.4275
12/10/05,3.475
13/10/05,3.435
14/10/05,3.39
17/10/05,3.3625
18/10/05,3.2875
19/10/05,3.2775
20/10/05,3.3225
21/10/05,3.3
24/10/05,3.2325
25/10/05,3.255
26/10/05,3.235
27/10/05,3.245
28/10/05,3.1775
31/10/05,3.17
01/11/05,3.17
02/11/05,3.13
03/11/05,3.1325
04/11/05,3.1125
07/11/05,3.1
08/11/05,3.13
09/11/05,3.15
10/11/05,3.0975
11/11/05,3.115
14/11/05,3.1175
15/11/05,3.07
16/11/05,3.0675
17/11/05,3.0475
18/11/05,3.02
21/11/05,2.985
22/11/05,2.97
23/11/05,2.97
25/11/05,3.0005
28/11/05,3.038
29/11/05,3.1025
30/11/05,3.174
01/12/05,3.22
02/12/05,3.1975
05/12/05,3.2025
06/12/05,3.1575
07/12/05,3.1325
08/12/05,3.1225
09/12/05,3.075
12/12/05,3.1475
13/12/05,3.185
14/12/05,3.2375
15/12/05,3.1875
16/12/05,3.1975
19/12/05,3.2325
20/12/05,3.28
21/12/05,3.275
22/12/05,3.3075
23/12/05,3.345
27/12/05,3.4
28/12/05,3.455
29/12/05,3.3725
30/12/05,3.3925
03/01/06,3.46
04/01/06,3.4625
05/01/06,3.3975
06/01/06,3.3075
09/01/06,3.265
10/01/06,3.2925
11/01/06,3.305
12/01/06,3.3325
13/01/06,3.3475
17/01/06,3.2875
18/01/06,3.225
19/01/06,3.265
20/01/06,3.265
23/01/06,3.26
24/01/06,3.325
25/01/06,3.42
26/01/06,3.445
27/01/06,3.435
30/01/06,3.4525
31/01/06,3.4325
01/02/06,3.3925
02/02/06,3.4725
03/02/06,3.565
06/02/06,3.55
07/02/06,3.5175
08/02/06,3.5675
09/02/06,3.6325
10/02/06,3.5525
13/02/06,3.48
14/02/06,3.4725
15/02/06,3.52
16/02/06,3.59
17/02/06,3.68
21/02/06,3.725
22/02/06,3.655
23/02/06,3.685
24/02/06,3.7295
27/02/06,3.8075
28/02/06,3.7885
01/03/06,3.74
02/03/06,3.805
03/03/06,3.85
06/03/06,3.8
07/03/06,3.81
08/03/06,3.845
09/03/06,3.81
10/03/06,3.815
13/03/06,3.675
14/03/06,3.625
15/03/06,3.62
16/03/06,3.5275
17/03/06,3.575
20/03/06,3.5025
21/03/06,3.525
22/03/06,3.4925
23/03/06,3.44
24/03/06,3.425
27/03/06,3.3975
28/03/06,3.4125
29/03/06,3.4175
30/03/06,3.445
31/03/06,3.4775
03/04/06,3.42
04/04/06,3.4275
05/04/06,3.47
06/04/06,3.525
07/04/06,3.5125
10/04/06,3.61
11/04/06,3.675
12/04/06,3.605
13/04/06,3.575
17/04/06,3.495
18/04/06,3.55
19/04/06,3.5475
20/04/06,3.53
21/04/06,3.5275
24/04/06,3.5075
25/04/06,3.527
26/04/06,3.538
27/04/06,3.5045
28/04/06,3.5605
01/05/06,3.65
02/05/06,3.665
03/05/06,3.65
04/05/06,3.625
05/05/06,3.7225
08/05/06,3.755
09/05/06,3.8475
10/05/06,3.845
11/05/06,3.92
12/05/06,4.015
15/05/06,3.995
16/05/06,4.035
17/05/06,4.23
18/05/06,4.185
19/05/06,4.1625
22/05/06,4.2625
23/05/06,4.1975
24/05/06,4.1175
25/05/06,4.095
26/05/06,4.155
30/05/06,4.12
31/05/06,3.935
01/06/06,3.92
02/06/06,4.0375
05/06/06,3.985
06/06/06,3.85
07/06/06,3.8775
08/06/06,3.835
09/06/06,3.725
12/06/06,3.7375
13/06/06,3.6975
14/06/06,3.6125
15/06/06,3.615
16/06/06,3.59
19/06/06,3.585
20/06/06,3.67
21/06/06,3.72
22/06/06,3.655
23/06/06,3.6325
26/06/06,3.685
27/06/06,3.815
28/06/06,3.784
29/06/06,3.866
30/06/06,3.911
03/07/06,4.02
05/07/06,4.0475
06/07/06,4.0725
07/07/06,3.9825
10/07/06,4.03
11/07/06,4.165
12/07/06,4.145
13/07/06,3.955
14/07/06,3.975
17/07/06,3.93
18/07/06,3.98
19/07/06,3.93
20/07/06,4.065
21/07/06,4.0725
24/07/06,4.005
25/07/06,3.9325
26/07/06,3.82
27/07/06,3.8775
28/07/06,3.885
31/07/06,3.975
01/08/06,3.925
02/08/06,4.015
03/08/06,3.9525
04/08/06,3.96
07/08/06,3.93
08/08/06,3.84
09/08/06,3.88
10/08/06,3.865
11/08/06,3.7375
14/08/06,3.74
15/08/06,3.7675
16/08/06,3.715
17/08/06,3.635
18/08/06,3.645
21/08/06,3.6575
22/08/06,3.5975
23/08/06,3.66
24/08/06,3.755
25/08/06,3.785
28/08/06,3.8865
29/08/06,3.886
30/08/06,4.089
31/08/06,4.186
01/09/06,4.195
05/09/06,4.22
06/09/06,4.17
07/09/06,4.2025
08/09/06,4.155
11/09/06,4.13
12/09/06,4.025
13/09/06,3.975
14/09/06,3.905
15/09/06,3.925
18/09/06,3.955
19/09/06,4.09
20/09/06,4.0775
21/09/06,4.215
22/09/06,4.19
25/09/06,4.1375
26/09/06,4.23
27/09/06,4.2425
28/09/06,4.455
29/09/06,4.43
02/10/06,4.46
03/10/06,4.395
04/10/06,4.65
05/10/06,4.64
06/10/06,4.64
09/10/06,4.94
10/10/06,5.01
11/10/06,5.31
12/10/06,5.155
13/10/06,5.255
16/10/06,5.425
17/10/06,5.31
18/10/06,5.125
19/10/06,5.13
20/10/06,5.05
23/10/06,5.17
24/10/06,5.225
25/10/06,5.1675
26/10/06,5.075
27/10/06,5.085
30/10/06,5.01
31/10/06,4.83
01/11/06,4.875
02/11/06,4.915
03/11/06,4.925
06/11/06,4.98
07/11/06,4.97
08/11/06,5.04
09/11/06,4.88
10/11/06,4.805
13/11/06,4.77
14/11/06,4.865
15/11/06,4.815
16/11/06,4.6875
17/11/06,4.74
20/11/06,4.75
21/11/06,4.7975
22/11/06,4.8625
24/11/06,5
27/11/06,4.95
28/11/06,4.9555
29/11/06,5.031
30/11/06,5.176
01/12/06,5.2075
04/12/06,5.18
05/12/06,5.1725
06/12/06,4.955
07/12/06,4.9575
08/12/06,4.8575
11/12/06,4.9
12/12/06,4.82
13/12/06,4.885
14/12/06,4.915
15/12/06,4.9425
18/12/06,4.875
19/12/06,4.92
20/12/06,4.9375
21/12/06,5.0325
22/12/06,5.14
26/12/06,5.1675
27/12/06,5.07
28/12/06,5.0425
29/12/06,5.01
02/01/07,5.01
03/01/07,4.765
04/01/07,4.675
05/01/07,4.7025
08/01/07,4.64
09/01/07,4.53
10/01/07,4.495
11/01/07,4.565
12/01/07,4.795
16/01/07,4.64
17/01/07,4.77
18/01/07,4.71
19/01/07,4.67
22/01/07,4.65
23/01/07,4.8025
24/01/07,4.66
25/01/07,4.6875
26/01/07,4.635
29/01/07,4.565
30/01/07,4.595
31/01/07,4.675
01/02/07,4.6025
02/02/07,4.6125
05/02/07,4.585
06/02/07,4.51
07/02/07,4.52
08/02/07,4.57
09/02/07,4.6025
12/02/07,4.5575
13/02/07,4.59
14/02/07,4.51
15/02/07,4.5325
16/02/07,4.68
20/02/07,4.645
21/02/07,4.76
22/02/07,4.895
23/02/07,4.871
26/02/07,4.882
27/02/07,4.782
28/02/07,4.853
01/03/07,4.79
02/03/07,4.7375
05/03/07,4.8075
06/03/07,4.73
07/03/07,4.78
08/03/07,4.755
09/03/07,4.765
12/03/07,4.7075
13/03/07,4.665
14/03/07,4.6325
15/03/07,4.555
16/03/07,4.6075
19/03/07,4.55
20/03/07,4.6275
21/03/07,4.655
22/03/07,4.67
23/03/07,4.615
26/03/07,4.58
27/03/07,4.54
28/03/07,4.565
29/03/07,4.61
30/03/07,4.38
02/04/07,4.28
03/04/07,4.19
04/04/07,4.3125
05/04/07,4.45
09/04/07,4.475
10/04/07,4.5775
11/04/07,4.5625
12/04/07,4.58
13/04/07,4.785
16/04/07,4.7525
17/04/07,4.775
18/04/07,4.745
19/04/07,4.96
20/04/07,5.02
23/04/07,4.94
24/04/07,4.835
25/04/07,5.091
26/04/07,5.126
27/04/07,5.077
30/04/07,4.935
01/05/07,5.01
02/05/07,4.935
03/05/07,4.945
04/05/07,4.9475
07/05/07,4.94
08/05/07,4.81
09/05/07,4.82
10/05/07,4.815
11/05/07,4.93
14/05/07,4.965
15/05/07,5.02
16/05/07,4.9675
17/05/07,4.855
18/05/07,4.7125
21/05/07,4.795
22/05/07,4.71
23/05/07,4.765
24/05/07,4.91
25/05/07,5.01
29/05/07,4.91
30/05/07,5.1075
31/05/07,5.17
01/06/07,5.2075
04/06/07,5.2025
05/06/07,5.2725
06/06/07,5.1975
07/06/07,5.245
08/06/07,5.275
11/06/07,5.56
12/06/07,5.65
13/06/07,5.895
14/06/07,6.065
15/06/07,6.065
18/06/07,6.01
19/06/07,5.81
20/06/07,6.05
21/06/07,6.06
22/06/07,5.9225
25/06/07,5.895
26/06/07,6.12
27/06/07,6.122
28/06/07,6.1785
29/06/07,5.94
02/07/07,5.8325
03/07/07,5.83
05/07/07,6.04
06/07/07,6.1
09/07/07,5.995
10/07/07,6.0175
11/07/07,6.22
12/07/07,6.215
13/07/07,6.2075
16/07/07,6.0175
17/07/07,6.0125
18/07/07,6.235
19/07/07,6.2
20/07/07,6.1625
23/07/07,6.2025
24/07/07,6.42
25/07/07,6.34
26/07/07,6.51
27/07/07,6.5325
30/07/07,6.375
31/07/07,6.3
01/08/07,6.36
02/08/07,6.4175
03/08/07,6.5
06/08/07,6.64
07/08/07,6.625
08/08/07,6.79
09/08/07,6.735
10/08/07,6.67
13/08/07,6.665
14/08/07,6.925
15/08/07,6.785
16/08/07,6.73
17/08/07,6.72
20/08/07,6.75
21/08/07,6.915
22/08/07,7.185
23/08/07,7.225
24/08/07,7.2575
27/08/07,7.2225
28/08/07,7.2405
29/08/07,7.486
30/08/07,7.787
31/08/07,7.738
04/09/07,8.055
05/09/07,8.355
06/09/07,8.24
07/09/07,8.435
10/09/07,8.61
11/09/07,8.905
12/09/07,8.605
13/09/07,8.45
14/09/07,8.46
17/09/07,8.75
18/09/07,8.69
19/09/07,8.45
20/09/07,8.5
21/09/07,8.74
24/09/07,8.7775
25/09/07,8.8725
26/09/07,9.1725
27/09/07,9.33
28/09/07,9.39
01/10/07,9.525
02/10/07,9.225
03/10/07,9.27
04/10/07,9.06
05/10/07,8.9
08/10/07,8.6
09/10/07,8.455
10/10/07,8.53
11/10/07,8.83
12/10/07,8.575
15/10/07,8.335
16/10/07,8.285
17/10/07,8.205
18/10/07,8.255
19/10/07,8.555
22/10/07,8.71
23/10/07,8.41
24/10/07,8.11
25/10/07,8.02
26/10/07,8
29/10/07,8.285
30/10/07,8.14
31/10/07,8.08
01/11/07,8.045
02/11/07,7.785
05/11/07,7.85
06/11/07,7.97
07/11/07,7.8775
08/11/07,7.62
09/11/07,7.62
12/11/07,7.61
13/11/07,7.48
14/11/07,7.525
15/11/07,7.655
16/11/07,7.495
19/11/07,7.5625
20/11/07,7.735
21/11/07,8.035
23/11/07,8.265
26/11/07,8.14
27/11/07,8.3355
28/11/07,8.681
29/11/07,8.8055
30/11/07,8.818
03/12/07,8.7675
04/12/07,8.94
05/12/07,8.85
06/12/07,8.915
07/12/07,9.215
10/12/07,9.295
11/12/07,9.105
12/12/07,9.405
13/12/07,9.535
14/12/07,9.795
17/12/07,9.66
18/12/07,9.52
19/12/07,9.735
20/12/07,9.54
21/12/07,9.49
24/12/07,9.3525
26/12/07,9.4125
27/12/07,9.15
28/12/07,8.85
31/12/07,8.85
02/01/08,9.15
03/01/08,9.45
04/01/08,9.315
07/01/08,9.03
08/01/08,9.075
09/01/08,8.895
10/01/08,8.825
11/01/08,9.0925
14/01/08,9.17
15/01/08,9.32
16/01/08,9.265
17/01/08,9.405
18/01/08,9.625
22/01/08,9.34
23/01/08,9.05
24/01/08,9.09
25/01/08,9.33
28/01/08,9.63
29/01/08,9.44
30/01/08,9.225
31/01/08,9.295
01/02/08,9.43
04/02/08,9.73
05/02/08,10.03
06/02/08,10.33
07/02/08,10.63
08/02/08,10.93
11/02/08,10.48
12/02/08,10.07
13/02/08,9.915
14/02/08,10.32
15/02/08,10.275
19/02/08,10.36
20/02/08,10.2
21/02/08,10.295
22/02/08,10.495
25/02/08,11.095
26/02/08,12.025
27/02/08,12.68
28/02/08,11.666
29/02/08,10.834
03/03/08,11.025
04/03/08,11.6
05/03/08,11.05
06/03/08,11.25
07/03/08,11.05
10/03/08,11.63
11/03/08,12.23
12/03/08,12.825
13/03/08,12.44
14/03/08,11.915
17/03/08,11.315
18/03/08,11.64
19/03/08,10.74
20/03/08,9.875
24/03/08,10.2
25/03/08,10.675
26/03/08,10.33
27/03/08,10.14
28/03/08,9.89
31/03/08,9.29
01/04/08,8.95
02/04/08,9.365
03/04/08,9.37
04/04/08,9.7425
07/04/08,9.2125
08/04/08,9.34
09/04/08,9.34
10/04/08,9.23
11/04/08,8.965
14/04/08,8.96
15/04/08,8.9575
16/04/08,9.245
17/04/08,9.13
18/04/08,8.7
21/04/08,8.4575
22/04/08,8.5175
23/04/08,8.1775
24/04/08,8.0925
25/04/08,8.035
28/04/08,8.32
29/04/08,8.027
30/04/08,7.9825
01/05/08,8.395
02/05/08,8.09
05/05/08,8.055
06/05/08,8.18
07/05/08,8.075
08/05/08,8.22
09/05/08,8.045
12/05/08,8.055
13/05/08,7.9575
14/05/08,7.64
15/05/08,7.715
16/05/08,7.755
19/05/08,7.91
20/05/08,7.84
21/05/08,7.78
22/05/08,7.45
23/05/08,7.525
27/05/08,7.59
28/05/08,7.59
29/05/08,7.435
30/05/08,7.615
02/06/08,7.825
03/06/08,7.505
04/06/08,7.53
05/06/08,7.855
06/06/08,8.11
09/06/08,7.885
10/06/08,8.09
11/06/08,8.69
12/06/08,8.51
13/06/08,8.82
16/06/08,8.765
17/06/08,8.9825
18/06/08,9.04
19/06/08,8.81
20/06/08,8.665
23/06/08,8.6625
24/06/08,8.7
25/06/08,9.0545
26/06/08,9.315
27/06/08,9.054
30/06/08,8.557
01/07/08,8.6475
02/07/08,8.8025
03/07/08,8.875
07/07/08,8.36
08/07/08,8.365
09/07/08,8.2575
10/07/08,8.18
11/07/08,8.3075
14/07/08,8.18
15/07/08,8.11
16/07/08,8.34
17/07/08,8.095
18/07/08,8.04
21/07/08,7.91
22/07/08,7.9675
23/07/08,7.8325
24/07/08,7.8775
25/07/08,8.11
28/07/08,7.9775
29/07/08,7.92
30/07/08,7.8775
31/07/08,7.8375
01/08/08,7.94
04/08/08,7.5875
05/08/08,7.8
06/08/08,7.6575
07/08/08,8.2225
08/08/08,7.6525
11/08/08,7.9375
12/08/08,7.9025
13/08/08,8.5025
14/08/08,8.645
15/08/08,8.2425
18/08/08,8.5975
19/08/08,8.4525
20/08/08,8.7475
21/08/08,8.9725
22/08/08,8.655
25/08/08,8.4025
26/08/08,8.353
27/08/08,8.1195
28/08/08,8.022
29/08/08,7.9685
02/09/08,7.6675
03/09/08,7.7475
04/09/08,7.77
05/09/08,7.515
08/09/08,7.4375
09/09/08,7.305
10/09/08,7.2575
11/09/08,7.2625
12/09/08,7.1925
15/09/08,7.27
16/09/08,6.9
17/09/08,7.2575
18/09/08,6.9275
19/09/08,7.18
22/09/08,7.3775
23/09/08,7.505
24/09/08,7.3025
25/09/08,7.3625
26/09/08,7.16
29/09/08,6.68
30/09/08,6.8
01/10/08,6.6975
02/10/08,6.36
03/10/08,6.4025
06/10/08,5.9525
07/10/08,6.0325
08/10/08,6.08
09/10/08,6.0475
10/10/08,5.635
13/10/08,5.885
14/10/08,5.73
15/10/08,5.5575
16/10/08,5.5525
17/10/08,5.6625
20/10/08,5.635
21/10/08,5.49
22/10/08,5.1775
23/10/08,5.23
24/10/08,5.1625
27/10/08,5.295
28/10/08,5.14
29/10/08,5.6125
30/10/08,5.38
31/10/08,5.3625
03/11/08,5.62
04/11/08,5.725
05/11/08,5.3725
06/11/08,5.225
07/11/08,5.21
10/11/08,5.2
11/11/08,5.2325
12/11/08,5.33
13/11/08,5.3825
14/11/08,5.5425
17/11/08,5.3375
18/11/08,5.2975
19/11/08,5.27
20/11/08,5.1175
21/11/08,4.99
24/11/08,5.4135
25/11/08,5.415
26/11/08,5.466
28/11/08,5.575
01/12/08,5.28
02/12/08,5.285
03/12/08,5.1975
04/12/08,4.86
05/12/08,4.755
08/12/08,4.905
09/12/08,4.895
10/12/08,5.095
11/12/08,5.075
12/12/08,5.13
15/12/08,5.2
16/12/08,5.44
17/12/08,5.575
18/12/08,5.715
19/12/08,5.6325
22/12/08,5.69
23/12/08,5.7525
24/12/08,5.8225
26/12/08,5.9925
29/12/08,5.92
30/12/08,6.0475
31/12/08,6.1075
02/01/09,6.11
05/01/09,6.1675
06/01/09,6.435
07/01/09,6.1325
08/01/09,6.125
09/01/09,6.295
12/01/09,5.695
13/01/09,5.7075
14/01/09,5.7425
15/01/09,5.6875
16/01/09,5.7825
20/01/09,5.5
21/01/09,5.7175
22/01/09,5.6675
23/01/09,5.8275
26/01/09,5.925
27/01/09,5.8475
28/01/09,5.9525
29/01/09,5.78
30/01/09,5.68
02/02/09,5.6375
03/02/09,5.525
04/02/09,5.4225
05/02/09,5.6175
06/02/09,5.57
09/02/09,5.65
10/02/09,5.56
11/02/09,5.4325
12/02/09,5.3875
13/02/09,5.355
17/02/09,5.155
18/02/09,5.1075
19/02/09,5.195
20/02/09,5.1925
23/02/09,5.105
24/02/09,5.1745
25/02/09,5.2915
26/02/09,5.206
27/02/09,5.193
02/03/09,5.06
03/03/09,5.0175
04/03/09,5.23
05/03/09,5.15
06/03/09,5.27
09/03/09,5.2325
10/03/09,5.3275
11/03/09,5.0825
12/03/09,5.25
13/03/09,5.1825
16/03/09,5.4425
17/03/09,5.525
18/03/09,5.3
19/03/09,5.5525
20/03/09,5.5025
23/03/09,5.4925
24/03/09,5.35
25/03/09,5.08
26/03/09,5.145
27/03/09,5.0725
30/03/09,5.125
31/03/09,5.3275
01/04/09,5.255
02/04/09,5.505
03/04/09,5.635
06/04/09,5.57
07/04/09,5.3975
08/04/09,5.32
09/04/09,5.22
13/04/09,5.2325
14/04/09,5.2225
15/04/09,5.1525
16/04/09,5.2475
17/04/09,5.23
20/04/09,5.045
21/04/09,5.095
22/04/09,5.1675
23/04/09,5.2925
24/04/09,5.3225
27/04/09,5.103
28/04/09,5.151
29/04/09,5.275
30/04/09,5.3405
01/05/09,5.7
04/05/09,5.51
05/05/09,5.535
06/05/09,5.5875
07/05/09,5.7025
08/05/09,5.91
11/05/09,5.9075
12/05/09,5.9275
13/05/09,5.8875
14/05/09,5.9325
15/05/09,5.775
18/05/09,5.905
19/05/09,5.8875
20/05/09,5.9775
21/05/09,5.935
22/05/09,6.125
26/05/09,6.12
27/05/09,6.2575
28/05/09,6.305
29/05/09,6.3725
01/06/09,6.745
02/06/09,6.695
03/06/09,6.175
04/06/09,6.3525
05/06/09,6.23
08/06/09,5.98
09/06/09,6.1375
10/06/09,5.96
11/06/09,5.9475
12/06/09,5.8475
15/06/09,5.7525
16/06/09,5.6575
17/06/09,5.66
18/06/09,5.6025
19/06/09,5.5525
22/06/09,5.46
23/06/09,5.4675
24/06/09,5.3975
25/06/09,5.387
26/06/09,5.4575
29/06/09,5.4605
30/06/09,5.3485
01/07/09,5.355
02/07/09,5.29
06/07/09,5.1925
07/07/09,5.125
08/07/09,5.1725
09/07/09,5.2225
10/07/09,5.1875
13/07/09,5.4275
14/07/09,5.3
15/07/09,5.3475
16/07/09,5.3325
17/07/09,5.4175
20/07/09,5.4225
21/07/09,5.3475
22/07/09,5.22
23/07/09,5.3175
24/07/09,5.1625
27/07/09,5.205
28/07/09,5.1625
29/07/09,5.115
30/07/09,5.1625
31/07/09,5.2825
03/08/09,5.4925
04/08/09,5.4225
05/08/09,5.2875
06/08/09,5.0025
07/08/09,4.895
10/08/09,4.9425
11/08/09,4.8525
12/08/09,4.9025
13/08/09,4.815
14/08/09,4.8175
17/08/09,4.7175
18/08/09,4.705
19/08/09,4.66
20/08/09,4.69
21/08/09,4.6025
24/08/09,4.7175
25/08/09,4.71
26/08/09,4.8435
27/08/09,4.862
28/08/09,4.8395
31/08/09,4.932
01/09/09,4.8725
02/09/09,4.8575
03/09/09,4.7875
04/09/09,4.7175
08/09/09,4.59
09/09/09,4.5625
10/09/09,4.5875
11/09/09,4.6725
14/09/09,4.54
15/09/09,4.705
16/09/09,4.6725
17/09/09,4.6175
18/09/09,4.5725
21/09/09,4.56
22/09/09,4.5575
23/09/09,4.6
24/09/09,4.73
25/09/09,4.4975
28/09/09,4.5575
29/09/09,4.475
30/09/09,4.575
01/10/09,4.5275
02/10/09,4.4125
05/10/09,4.4275
06/10/09,4.6025
07/10/09,4.6325
08/10/09,4.74
09/10/09,4.68
12/10/09,4.9425
13/10/09,5.1125
14/10/09,5.13
15/10/09,5.05
16/10/09,4.9875
19/10/09,5.1775
20/10/09,5.175
21/10/09,5.425
22/10/09,5.5175
23/10/09,5.4775
26/10/09,5.27
27/10/09,5.0325
28/10/09,4.9475
29/10/09,5.0375
30/10/09,4.9425
02/11/09,5.1675
03/11/09,5.1575
04/11/09,5.21
05/11/09,5.1225
06/11/09,4.9725
09/11/09,5.2
10/11/09,5.23
11/11/09,5.3175
12/11/09,5.3175
13/11/09,5.39
16/11/09,5.6225
17/11/09,5.7475
18/11/09,5.6625
19/11/09,5.625
20/11/09,5.5975
23/11/09,5.5725
24/11/09,5.371
25/11/09,5.5875
27/11/09,5.6135
30/11/09,5.845
01/12/09,5.84
02/12/09,5.76
03/12/09,5.715
04/12/09,5.58
07/12/09,5.48
08/12/09,5.3975
09/12/09,5.3525
10/12/09,5.37
11/12/09,5.375
14/12/09,5.435
15/12/09,5.3675
16/12/09,5.3725
17/12/09,5.185
18/12/09,5.28
21/12/09,5.195
22/12/09,5.23
23/12/09,5.29
24/12/09,5.245
28/12/09,5.5075
29/12/09,5.41
30/12/09,5.4475
31/12/09,5.415
04/01/10,5.5775
05/01/10,5.53
06/01/10,5.6725
07/01/10,5.5775
08/01/10,5.685
11/01/10,5.725
12/01/10,5.3575
13/01/10,5.37
14/01/10,5.2775
15/01/10,5.1
19/01/10,5.005
20/01/10,4.975
21/01/10,4.995
22/01/10,4.985
25/01/10,4.9825
26/01/10,4.94
27/01/10,4.8375
28/01/10,4.87
29/01/10,4.74
01/02/10,4.7475
02/02/10,4.8725
03/02/10,4.69
04/02/10,4.7575
05/02/10,4.7325
08/02/10,4.84
09/02/10,4.8225
10/02/10,4.9675
11/02/10,4.935
12/02/10,4.865
16/02/10,5.05
17/02/10,4.9475
18/02/10,4.85
19/02/10,4.8975
22/02/10,5.0125
23/02/10,4.9455
24/02/10,5.0565
25/02/10,4.9815
26/02/10,5.167
01/03/10,5.045
02/03/10,5.045
03/03/10,5.1575
04/03/10,5.0225
05/03/10,4.935
08/03/10,4.95
09/03/10,4.895
10/03/10,4.815
11/03/10,4.7875
12/03/10,4.8525
15/03/10,4.7925
16/03/10,4.87
17/03/10,4.96
18/03/10,4.8925
19/03/10,4.8375
22/03/10,4.865
23/03/10,4.7675
24/03/10,4.76
25/03/10,4.665
26/03/10,4.6475
29/03/10,4.6475
30/03/10,4.72
31/03/10,4.505
01/04/10,4.5475
05/04/10,4.535
06/04/10,4.635
07/04/10,4.7525
08/04/10,4.6925
09/04/10,4.6575
12/04/10,4.6775
13/04/10,4.76
14/04/10,4.7475
15/04/10,4.8025
16/04/10,4.905
19/04/10,4.6775
20/04/10,4.86
21/04/10,4.8725
22/04/10,4.985
23/04/10,4.9325
26/04/10,4.76
27/04/10,4.807
28/04/10,4.8095
29/04/10,4.911
30/04/10,5.0075
03/05/10,5.0175
04/05/10,5.1075
05/05/10,5.12
06/05/10,5.0825
07/05/10,5.105
10/05/10,4.9275
11/05/10,4.9325
12/05/10,4.915
13/05/10,4.79
14/05/10,4.715
17/05/10,4.69
18/05/10,4.6775
19/05/10,4.6925
20/05/10,4.6975
21/05/10,4.72
24/05/10,4.675
25/05/10,4.605
26/05/10,4.6175
27/05/10,4.6775
28/05/10,4.5775
01/06/10,4.5075
02/06/10,4.425
03/06/10,4.4175
04/06/10,4.3575
07/06/10,4.3225
08/06/10,4.3225
09/06/10,4.28
10/06/10,4.3325
11/06/10,4.4075
14/06/10,4.515
15/06/10,4.5175
16/06/10,4.6125
17/06/10,4.6275
18/06/10,4.6175
21/06/10,4.62
22/06/10,4.6075
23/06/10,4.6225
24/06/10,4.63
25/06/10,4.592
28/06/10,4.557
29/06/10,4.51
30/06/10,4.7715
01/07/10,4.9975
02/07/10,5.03
06/07/10,5.075
07/07/10,5.305
08/07/10,5.485
09/07/10,5.38
12/07/10,5.3575
13/07/10,5.4925
14/07/10,5.59
15/07/10,5.9625
16/07/10,5.8725
19/07/10,5.8225
20/07/10,5.77
21/07/10,5.8825
22/07/10,5.965
23/07/10,5.9625
26/07/10,5.895
27/07/10,5.95
28/07/10,6.155
29/07/10,6.275
30/07/10,6.615
02/08/10,6.9325
03/08/10,6.8
04/08/10,7.2575
05/08/10,7.8575
06/08/10,7.2575
09/08/10,7.125
10/08/10,6.9475
11/08/10,6.9475
12/08/10,7.13
13/08/10,7.025
16/08/10,6.6375
17/08/10,6.51
18/08/10,6.56
19/08/10,6.8125
20/08/10,6.79
23/08/10,6.9225
24/08/10,6.7475
25/08/10,6.4775
26/08/10,6.629
27/08/10,6.755
30/08/10,6.912
31/08/10,6.791
01/09/10,7.0875
02/09/10,7.1375
03/09/10,7.4125
07/09/10,7.3525
08/09/10,7.11
09/09/10,7.38
10/09/10,7.3675
13/09/10,7.45
14/09/10,7.36
15/09/10,7.2675
16/09/10,7.1925
17/09/10,7.3925
20/09/10,7.3175
21/09/10,7.18
22/09/10,7.1975
23/09/10,6.9725
24/09/10,7.2
27/09/10,7.065
28/09/10,6.8475
29/09/10,6.835
30/09/10,6.74
01/10/10,6.55
04/10/10,6.4725
05/10/10,6.635
06/10/10,6.5825
07/10/10,6.5925
08/10/10,7.1925
11/10/10,7.0925
12/10/10,7.1
13/10/10,7.0275
14/10/10,7.0075
15/10/10,7.045
18/10/10,6.9
19/10/10,6.715
20/10/10,6.83
21/10/10,6.6875
22/10/10,6.7075
25/10/10,6.74
26/10/10,6.92
27/10/10,7.0275
28/10/10,7.1825
29/10/10,7.1725
01/11/10,7.025
02/11/10,6.9425
03/11/10,6.9025
04/11/10,7.1375
05/11/10,7.2875
08/11/10,7.3625
09/11/10,7.2175
10/11/10,7.1
11/11/10,7.04
12/11/10,6.6925
15/11/10,6.7275
16/11/10,6.2625
17/11/10,6.325
18/11/10,6.4525
19/11/10,6.445
22/11/10,6.455
23/11/10,6.42
24/11/10,6.5505
26/11/10,6.6385
29/11/10,6.744
30/11/10,6.8245
01/12/10,7.4
02/12/10,7.485
03/12/10,7.79
06/12/10,7.93
07/12/10,7.8475
08/12/10,7.84
09/12/10,7.885
10/12/10,7.755
13/12/10,7.8025
14/12/10,7.6325
15/12/10,7.6475
16/12/10,7.4975
17/12/10,7.5675
20/12/10,7.695
21/12/10,7.65
22/12/10,7.835
23/12/10,7.83
27/12/10,7.8025
28/12/10,7.9825
29/12/10,7.9925
30/12/10,7.8475
31/12/10,7.9425
03/01/11,8.055
04/01/11,7.8925
05/01/11,8.0825
06/01/11,7.89
07/01/11,7.74
10/01/11,7.6725
11/01/11,7.595
12/01/11,7.705
13/01/11,7.835
14/01/11,7.7325
18/01/11,7.9325
19/01/11,7.9725
20/01/11,8.035
21/01/11,8.245
24/01/11,8.3525
25/01/11,8.3825
26/01/11,8.565
27/01/11,8.4625
28/01/11,8.2575
31/01/11,8.4075
01/02/11,8.3575
02/02/11,8.63
03/02/11,8.59
04/02/11,8.5375
07/02/11,8.5875
08/02/11,8.7425
09/02/11,8.86
10/02/11,8.6275
11/02/11,8.67
14/02/11,8.72
15/02/11,8.4025
16/02/11,8.37
17/02/11,8.5075
18/02/11,8.2225
22/02/11,7.6225
23/02/11,7.7005
24/02/11,7.6135
25/02/11,7.9735
28/02/11,8.101
01/03/11,8.1025
02/03/11,8.1125
03/03/11,8.235
04/03/11,8.3225
07/03/11,8.0075
08/03/11,7.7975
09/03/11,7.5875
10/03/11,7.405
11/03/11,7.1875
14/03/11,7.2075
15/03/11,6.6775
16/03/11,6.62
17/03/11,7.1025
18/03/11,7.23
21/03/11,7.21
22/03/11,7.2225
23/03/11,7.1425
24/03/11,7.395
25/03/11,7.3325
28/03/11,7.2525
29/03/11,7.3725
30/03/11,7.2725
31/03/11,7.6325
01/04/11,7.595
04/04/11,7.9
05/04/11,7.8625
06/04/11,7.8225
07/04/11,7.7325
08/04/11,7.975
11/04/11,7.9825
12/04/11,7.595
13/04/11,7.5275
14/04/11,7.405
15/04/11,7.4425
18/04/11,7.75
19/04/11,7.8575
20/04/11,7.85
21/04/11,7.995
25/04/11,8.26
26/04/11,8.184
27/04/11,7.91
28/04/11,7.637
29/04/11,7.9485
02/05/11,7.9175
03/05/11,7.9325
04/05/11,7.72
05/05/11,7.54
06/05/11,7.595
09/05/11,7.905
10/05/11,7.9875
11/05/11,7.59
12/05/11,7.355
13/05/11,7.2775
16/05/11,7.365
17/05/11,7.64
18/05/11,8.17
19/05/11,8.12
20/05/11,8.065
23/05/11,8.03
24/05/11,7.7975
25/05/11,7.965
26/05/11,8.145
27/05/11,8.1975
31/05/11,7.8225
01/06/11,7.5925
02/06/11,7.6975
03/06/11,7.7375
06/06/11,7.44
07/06/11,7.3375
08/06/11,7.48
09/06/11,7.45
10/06/11,7.5925
13/06/11,7.43
14/06/11,7.3125
15/06/11,7.085
16/06/11,6.7325
17/06/11,6.7225
20/06/11,6.5925
21/06/11,6.7425
22/06/11,6.3825
23/06/11,6.49
24/06/11,6.3575
27/06/11,6.2835
28/06/11,6.5285
29/06/11,6.6105
30/06/11,6.0835
01/07/11,6.1225
05/07/11,6.355
06/07/11,6.27
07/07/11,6.345
08/07/11,6.5125
11/07/11,6.3925
12/07/11,6.72
13/07/11,7.145
14/07/11,7.07
15/07/11,6.9475
18/07/11,6.895
19/07/11,6.935
20/07/11,6.97
21/07/11,6.7725
22/07/11,6.9225
25/07/11,6.885
26/07/11,6.94
27/07/11,7.0475
28/07/11,6.9325
29/07/11,6.725
01/08/11,6.765
02/08/11,7.18
03/08/11,7.105
04/08/11,6.8175
05/08/11,6.79
08/08/11,6.565
09/08/11,6.7175
10/08/11,6.85
11/08/11,7.0125
12/08/11,7.025
15/08/11,7.125
16/08/11,7.2475
17/08/11,7.275
18/08/11,7.0775
19/08/11,7.3075
22/08/11,7.355
23/08/11,7.5725
24/08/11,7.4925
25/08/11,7.5725
26/08/11,7.692
29/08/11,7.7235
30/08/11,7.7455
31/08/11,7.8225
01/09/11,7.61
02/09/11,7.755
06/09/11,7.6
07/09/11,7.515
08/09/11,7.38
09/09/11,7.2975
12/09/11,7.2725
13/09/11,7.02
14/09/11,7.045
15/09/11,6.96
16/09/11,6.8825
19/09/11,6.73
20/09/11,6.7475
21/09/11,6.6675
22/09/11,6.3375
23/09/11,6.4075
26/09/11,6.4825
27/09/11,6.5825
28/09/11,6.3875
29/09/11,6.5425
30/09/11,6.0925
03/10/11,6.195
04/10/11,6.04
05/10/11,6.2525
06/10/11,6.16
07/10/11,6.075
10/10/11,6.115
11/10/11,6.6075
12/10/11,6.2675
13/10/11,6.18
14/10/11,6.2275
17/10/11,6.2425
18/10/11,6.2525
19/10/11,6.195
20/10/11,6.3075
21/10/11,6.32
24/10/11,6.425
25/10/11,6.3625
26/10/11,6.195
27/10/11,6.44
28/10/11,6.445
31/10/11,6.2825
01/11/11,6.3
02/11/11,6.235
03/11/11,6.36
04/11/11,6.3675
07/11/11,6.3875
08/11/11,6.57
09/11/11,6.43
10/11/11,6.2
11/11/11,6.1675
14/11/11,6.1575
15/11/11,6.3275
16/11/11,6.1675
17/11/11,5.925
18/11/11,5.9825
21/11/11,5.915
22/11/11,5.94
23/11/11,5.7925
25/11/11,5.774
28/11/11,5.8205
29/11/11,6.074
30/11/11,6.1035
01/12/11,6.1425
02/12/11,6.255
05/12/11,6.115
06/12/11,6.13
07/12/11,6.005
08/12/11,5.97
09/12/11,5.96
12/12/11,5.9425
13/12/11,6.005
14/12/11,5.8075
15/12/11,5.7925
16/12/11,5.8375
19/12/11,5.9975
20/12/11,6.0775
21/12/11,6.17
22/12/11,6.2175
23/12/11,6.22
27/12/11,6.4475
28/12/11,6.5125
29/12/11,6.4525
30/12/11,6.5275
03/01/12,6.57
04/01/12,6.5
05/01/12,6.2925
06/01/12,6.2475
09/01/12,6.4175
10/01/12,6.3975
11/01/12,6.41
12/01/12,6.05
13/01/12,6.0225
17/01/12,6.0475
18/01/12,5.9225
19/01/12,6.0575
20/01/12,6.105
23/01/12,6.1975
24/01/12,6.335
25/01/12,6.4125
26/01/12,6.535
27/01/12,6.4725
30/01/12,6.4475
31/01/12,6.66
01/02/12,6.7425
02/02/12,6.6275
03/02/12,6.6075
06/02/12,6.685
07/02/12,6.6225
08/02/12,6.6075
09/02/12,6.46
10/02/12,6.3
13/02/12,6.4125
14/02/12,6.35
15/02/12,6.26
16/02/12,6.2875
17/02/12,6.44
21/02/12,6.33
22/02/12,6.445
23/02/12,6.4175
24/02/12,6.4105
27/02/12,6.4855
28/02/12,6.6585
29/02/12,6.6725
01/03/12,6.64
02/03/12,6.745
05/03/12,6.72
06/03/12,6.5775
07/03/12,6.3925
08/03/12,6.3475
09/03/12,6.43
12/03/12,6.5125
13/03/12,6.49
14/03/12,6.4375
15/03/12,6.6475
16/03/12,6.72
19/03/12,6.5225
20/03/12,6.425
21/03/12,6.3625
22/03/12,6.4625
23/03/12,6.5425
26/03/12,6.595
27/03/12,6.3975
28/03/12,6.3075
29/03/12,6.125
30/03/12,6.6075
02/04/12,6.57
03/04/12,6.58
04/04/12,6.3925
05/04/12,6.385
09/04/12,6.43
10/04/12,6.2575
11/04/12,6.28
12/04/12,6.3925
13/04/12,6.235
16/04/12,6.1625
17/04/12,6.155
18/04/12,6.1075
19/04/12,6.2475
20/04/12,6.1575
23/04/12,6.25
24/04/12,6.245
25/04/12,6.185
26/04/12,6.298
27/04/12,6.469
30/04/12,6.5315
01/05/12,6.43
02/05/12,6.145
03/05/12,6.155
04/05/12,6.095
07/05/12,6.12
08/05/12,6.15
09/05/12,6
10/05/12,6.0125
11/05/12,5.97
14/05/12,5.9825
15/05/12,6.085
16/05/12,6.3875
17/05/12,6.5775
18/05/12,6.9525
21/05/12,7.04
22/05/12,6.855
23/05/12,6.655
24/05/12,6.63
25/05/12,6.8
29/05/12,6.5675
30/05/12,6.5375
31/05/12,6.4375
01/06/12,6.1225
04/06/12,6.2775
05/06/12,6.1325
06/06/12,6.2425
07/06/12,6.4175
08/06/12,6.3025
11/06/12,6.305
12/06/12,6.16
13/06/12,6.16
14/06/12,6.235
15/06/12,6.095
18/06/12,6.3025
19/06/12,6.495
20/06/12,6.64
21/06/12,6.6175
22/06/12,6.7325
25/06/12,7.2425
26/06/12,7.326
27/06/12,7.397
28/06/12,7.38
29/06/12,7.536
02/07/12,7.725
03/07/12,7.9925
05/07/12,8.38
06/07/12,8.0625
09/07/12,8.2825
10/07/12,8.2125
11/07/12,8.2625
12/07/12,8.4675
13/07/12,8.4775
16/07/12,8.845
17/07/12,8.85
18/07/12,9.0325
19/07/12,9.35
20/07/12,9.4325
23/07/12,9.1275
24/07/12,8.7875
25/07/12,9.0325
26/07/12,8.84
27/07/12,8.98
30/07/12,9.145
31/07/12,8.8825
01/08/12,8.795
02/08/12,8.65
03/08/12,8.9125
06/08/12,8.9325
07/08/12,8.89
08/08/12,8.9925
09/08/12,9.13
10/08/12,8.8525
13/08/12,8.5675
14/08/12,8.3975
15/08/12,8.4675
16/08/12,8.6175
17/08/12,8.745
20/08/12,8.795
21/08/12,9.005
22/08/12,8.965
23/08/12,8.745
24/08/12,8.675
27/08/12,8.62
28/08/12,8.589
29/08/12,8.936
30/08/12,8.952
31/08/12,8.856
04/09/12,8.8875
05/09/12,8.6775
06/09/12,8.9175
07/09/12,9.05
10/09/12,8.8975
11/09/12,8.8375
12/09/12,8.9
13/09/12,9.02
14/09/12,9.2425
17/09/12,8.78
18/09/12,8.635
19/09/12,8.815
20/09/12,8.795
21/09/12,8.9725
24/09/12,8.92
25/09/12,8.865
26/09/12,8.6925
27/09/12,8.555
28/09/12,9.025
01/10/12,8.8425
02/10/12,8.715
03/10/12,8.73
04/10/12,8.6925
05/10/12,8.575
08/10/12,8.61
09/10/12,8.6425
10/10/12,8.6975
11/10/12,8.86
12/10/12,8.5675
15/10/12,8.4825
16/10/12,8.4775
17/10/12,8.5625
18/10/12,8.685
19/10/12,8.725
22/10/12,8.7825
23/10/12,8.6875
24/10/12,8.84
25/10/12,8.7275
26/10/12,8.6375
29/10/12,8.58
30/10/12,8.5675
31/10/12,8.645
01/11/12,8.685
02/11/12,8.645
05/11/12,8.66
06/11/12,8.77
07/11/12,8.94
08/11/12,9.025
09/11/12,8.865
12/11/12,8.5775
13/11/12,8.51
14/11/12,8.4875
15/11/12,8.455
16/11/12,8.38
19/11/12,8.4175
20/11/12,8.45
21/11/12,8.4525
23/11/12,8.4775
26/11/12,8.49
27/11/12,8.761
28/11/12,8.821
29/11/12,8.79
30/11/12,8.5975
03/12/12,8.6075
04/12/12,8.565
05/12/12,8.6
06/12/12,8.62
07/12/12,8.61
10/12/12,8.4875
11/12/12,8.215
12/12/12,8.12
13/12/12,8.085
14/12/12,8.14
17/12/12,8.08
18/12/12,8.1125
19/12/12,8.0575
20/12/12,7.905
21/12/12,7.92
24/12/12,7.9375
26/12/12,7.745
27/12/12,7.7225
28/12/12,7.7875
31/12/12,7.78
02/01/13,7.5525
03/01/13,7.555
04/01/13,7.4725
07/01/13,7.5125
08/01/13,7.505
09/01/13,7.455
10/01/13,7.445
11/01/13,7.5475
14/01/13,7.67
15/01/13,7.8275
16/01/13,7.85
17/01/13,7.8125
18/01/13,7.9125
22/01/13,7.7925
23/01/13,7.7475
24/01/13,7.685
25/01/13,7.765
28/01/13,7.7925
29/01/13,7.77
30/01/13,7.87
31/01/13,7.795
01/02/13,7.65
04/02/13,7.63
05/02/13,7.575
06/02/13,7.615
07/02/13,7.56
08/02/13,7.5625
11/02/13,7.415
12/02/13,7.32
13/02/13,7.355
14/02/13,7.32
15/02/13,7.4225
19/02/13,7.3225
20/02/13,7.385
21/02/13,7.2125
22/02/13,7.15
25/02/13,7.0045
26/02/13,7.0785
27/02/13,7.089
28/02/13,7.1315
01/03/13,7.205
04/03/13,7.025
05/03/13,7.06
06/03/13,6.8375
07/03/13,6.955
08/03/13,6.97
11/03/13,7
12/03/13,7.035
13/03/13,7.1
14/03/13,7.2475
15/03/13,7.23
18/03/13,7.1275
19/03/13,7.22
20/03/13,7.36
21/03/13,7.2875
22/03/13,7.2975
25/03/13,7.2725
26/03/13,7.315
27/03/13,7.3675
28/03/13,6.8775
01/04/13,6.64
02/04/13,6.7075
03/04/13,6.965
04/04/13,6.94
05/04/13,6.99
08/04/13,7.125
09/04/13,7.0875
10/04/13,6.9675
11/04/13,6.9775
12/04/13,7.1475
15/04/13,6.9375
16/04/13,7.035
17/04/13,7.0375
18/04/13,7.0275
19/04/13,7.09
22/04/13,7.0225
23/04/13,6.975
24/04/13,6.9175
25/04/13,7.0175
26/04/13,6.9025
29/04/13,7.138
30/04/13,7.2915
01/05/13,7.21
02/05/13,7.285
03/05/13,7.21
06/05/13,7.0275
07/05/13,7.09
08/05/13,7.06
09/05/13,7.235
10/05/13,7.0425
13/05/13,7.0975
14/05/13,7.1075
15/05/13,6.9375
16/05/13,6.8775
17/05/13,6.8325
20/05/13,6.8525
21/05/13,6.805
22/05/13,6.885
23/05/13,7.0325
24/05/13,6.975
28/05/13,6.9375
29/05/13,7.0275
30/05/13,6.9875
31/05/13,7.055
03/06/13,7.0875
04/06/13,7.09
05/06/13,7.015
06/06/13,6.9775
07/06/13,6.9625
10/06/13,6.8975
11/06/13,6.9675
12/06/13,6.83
13/06/13,6.855
14/06/13,6.8075
17/06/13,6.805
18/06/13,6.875
19/06/13,7.07
20/06/13,7.005
21/06/13,6.98
24/06/13,6.79
25/06/13,6.776
26/06/13,6.71
27/06/13,6.6965
28/06/13,6.559
01/07/13,6.55
02/07/13,6.5825
03/07/13,6.65
05/07/13,6.6
08/07/13,6.63
09/07/13,6.775
10/07/13,6.79
11/07/13,6.83
12/07/13,6.81
15/07/13,6.695
16/07/13,6.695
17/07/13,6.65
18/07/13,6.605
19/07/13,6.645
22/07/13,6.5975
23/07/13,6.5375
24/07/13,6.5325
25/07/13,6.4925
26/07/13,6.5025
29/07/13,6.515
30/07/13,6.5525
31/07/13,6.6425
01/08/13,6.58
02/08/13,6.605
05/08/13,6.4525
06/08/13,6.505
07/08/13,6.435
08/08/13,6.4125
09/08/13,6.335
12/08/13,6.35
13/08/13,6.2825
14/08/13,6.305
15/08/13,6.375
16/08/13,6.31
19/08/13,6.415
20/08/13,6.3425
21/08/13,6.3875
22/08/13,6.305
23/08/13,6.345
26/08/13,6.5475
27/08/13,6.5335
28/08/13,6.517
29/08/13,6.4905
30/08/13,6.5185
03/09/13,6.4725
04/09/13,6.4625
05/09/13,6.4025
06/09/13,6.4775
09/09/13,6.4125
10/09/13,6.465
11/09/13,6.48
12/09/13,6.53
13/09/13,6.415
16/09/13,6.4125
17/09/13,6.43
18/09/13,6.465
19/09/13,6.57
20/09/13,6.4625
23/09/13,6.535
24/09/13,6.5825
25/09/13,6.705
26/09/13,6.7825
27/09/13,6.83
30/09/13,6.785
01/10/13,6.8125
02/10/13,6.86
03/10/13,6.8925
04/10/13,6.87
07/10/13,6.9475
08/10/13,6.935
09/10/13,6.905
10/10/13,6.855
11/10/13,6.9225
14/10/13,6.925
15/10/13,6.8575
16/10/13,6.815
17/10/13,6.86
18/10/13,7.0575
21/10/13,6.9975
22/10/13,7.0075
23/10/13,7.0175
24/10/13,6.965
25/10/13,6.9075
28/10/13,6.81
29/10/13,6.8125
30/10/13,6.75
31/10/13,6.675
01/11/13,6.6775
04/11/13,6.6275
05/11/13,6.56
06/11/13,6.5325
07/11/13,6.53
08/11/13,6.4975
11/11/13,6.4625
12/11/13,6.4525
13/11/13,6.455
14/11/13,6.4475
15/11/13,6.445
18/11/13,6.4225
19/11/13,6.5025
20/11/13,6.4725
21/11/13,6.4875
22/11/13,6.495
25/11/13,6.5385
26/11/13,6.503
27/11/13,6.586
29/11/13,6.66
02/12/13,6.6175
03/12/13,6.6825
04/12/13,6.6175
05/12/13,6.52
06/12/13,6.51
09/12/13,6.505
10/12/13,6.3875
11/12/13,6.4075
12/12/13,6.3375
13/12/13,6.2875
16/12/13,6.2175
17/12/13,6.1975
18/12/13,6.1275
19/12/13,6.1075
20/12/13,6.135
23/12/13,6.095
24/12/13,6.0625
26/12/13,6.06
27/12/13,6.09
30/12/13,6.005
31/12/13,6.0525
02/01/14,5.97
03/01/14,6.0575
06/01/14,6.0575
07/01/14,6.025
08/01/14,5.8875
09/01/14,5.8425
10/01/14,5.69
13/01/14,5.735
14/01/14,5.7925
15/01/14,5.6775
16/01/14,5.7275
17/01/14,5.635
20/01/14,6.2325
21/01/14,5.6225
22/01/14,5.6125
23/01/14,5.7
24/01/14,5.6525
27/01/14,5.635
28/01/14,5.66
29/01/14,5.515
30/01/14,5.535
31/01/14,5.5575
03/02/14,5.6375
04/02/14,5.845
05/02/14,5.875
06/02/14,5.8075
07/02/14,5.775
10/02/14,5.8475
11/02/14,5.9025
12/02/14,5.87
13/02/14,5.955
14/02/14,5.985
17/02/14,6.745
18/02/14,6.12
19/02/14,6.2025
20/02/14,6.1625
21/02/14,6.0975
24/02/14,6.1775
25/02/14,6.156
26/02/14,6.022
27/02/14,5.8645
28/02/14,6.016
03/03/14,6.315
04/03/14,6.435
05/03/14,6.425
06/03/14,6.46
07/03/14,6.54
10/03/14,6.4075
11/03/14,6.59
12/03/14,6.8375
13/03/14,6.7375
14/03/14,6.8725
17/03/14,6.745
18/03/14,6.925
19/03/14,7.1575
20/03/14,7.0375
21/03/14,6.9325
24/03/14,7.145
25/03/14,7.0825
26/03/14,6.9675
27/03/14,7.105
28/03/14,6.955
31/03/14,6.975
01/04/14,6.855
02/04/14,6.695
03/04/14,6.76
04/04/14,6.695
07/04/14,6.765
08/04/14,6.81
09/04/14,6.69
10/04/14,6.625
11/04/14,6.605
14/04/14,6.785
15/04/14,7.015
16/04/14,6.88
17/04/14,6.915
21/04/14,6.685
22/04/14,6.73
23/04/14,6.76
24/04/14,6.89
25/04/14,7.021
28/04/14,7.035
29/04/14,7.128
30/04/14,7.198
01/05/14,7.0725
02/05/14,7.16
05/05/14,7.29
06/05/14,7.39
07/05/14,7.3775
08/05/14,7.3525
09/05/14,7.225
12/05/14,7.15
13/05/14,7.0925
14/05/14,6.9025
15/05/14,6.7825
16/05/14,6.7425
19/05/14,6.745
20/05/14,6.705
21/05/14,6.6425
22/05/14,6.5925
23/05/14,6.525
27/05/14,6.41
28/05/14,6.3875
29/05/14,6.325
30/05/14,6.2725
02/06/14,6.2075
03/06/14,6.125
04/06/14,6.145
05/06/14,6.0575
06/06/14,6.1825
09/06/14,6.125
10/06/14,6.0125
11/06/14,5.8925
12/06/14,5.8525
13/06/14,5.86
16/06/14,5.81
17/06/14,5.8175
18/06/14,5.87
19/06/14,5.935
20/06/14,5.8525
23/06/14,5.7975
24/06/14,5.71
25/06/14,5.7725
26/06/14,5.8325
27/06/14,5.9035
30/06/14,5.7495
01/07/14,5.725
02/07/14,5.755
03/07/14,5.795
07/07/14,5.5675
08/07/14,5.5625
09/07/14,5.5125
10/07/14,5.485
11/07/14,5.26
14/07/14,5.3775
15/07/14,5.3775
16/07/14,5.38
17/07/14,5.5075
18/07/14,5.3225
21/07/14,5.3
22/07/14,5.245
23/07/14,5.3075
24/07/14,5.2875
25/07/14,5.38
28/07/14,5.3475
29/07/14,5.2
30/07/14,5.2725
31/07/14,5.3025
01/08/14,5.3425
04/08/14,5.44
05/08/14,5.525
06/08/14,5.68
07/08/14,5.615
08/08/14,5.4925
11/08/14,5.465
12/08/14,5.38
13/08/14,5.28
14/08/14,5.3725
15/08/14,5.5125
18/08/14,5.425
19/08/14,5.46
20/08/14,5.395
21/08/14,5.4625
22/08/14,5.52
25/08/14,5.425
26/08/14,5.445
27/08/14,5.5325
28/08/14,5.6565
29/08/14,5.6085
02/09/14,5.55
03/09/14,5.355
04/09/14,5.305
05/09/14,5.3525
08/09/14,5.335
09/09/14,5.275
10/09/14,5.1975
11/09/14,5.095
12/09/14,5.025
15/09/14,5.0075
16/09/14,4.9625
17/09/14,4.9925
18/09/14,4.885
19/09/14,4.745
22/09/14,4.7675
23/09/14,4.76
24/09/14,4.8025
25/09/14,4.74
26/09/14,4.7425
29/09/14,4.8125
30/09/14,4.7775
01/10/14,4.79
02/10/14,4.8275
03/10/14,4.8575
06/10/14,4.915
07/10/14,5.0625
08/10/14,5.0775
09/10/14,4.9325
10/10/14,4.985
13/10/14,5.0525
14/10/14,5.0925
15/10/14,5.06
16/10/14,5.17
17/10/14,5.16
20/10/14,5.135
21/10/14,5.1925
22/10/14,5.2225
23/10/14,5.2675
24/10/14,5.1775
27/10/14,5.2275
28/10/14,5.3075
29/10/14,5.3825
30/10/14,5.36
31/10/14,5.325
03/11/14,5.3825
04/11/14,5.305
05/11/14,5.2475
06/11/14,5.2025
07/11/14,5.145
10/11/14,5.1725
11/11/14,5.2525
12/11/14,5.4275
13/11/14,5.5375
14/11/14,5.605
17/11/14,5.5175
18/11/14,5.49
19/11/14,5.3775
20/11/14,5.4725
21/11/14,5.4725
24/11/14,5.438
25/11/14,5.536
26/11/14,5.623
28/11/14,5.779
01/12/14,6.065
02/12/14,6.035
03/12/14,5.89
04/12/14,5.895
05/12/14,5.94
08/12/14,5.98
09/12/14,5.855
10/12/14,5.815
11/12/14,5.97
12/12/14,6.06
15/12/14,6.19
16/12/14,6.235
17/12/14,6.48
18/12/14,6.555
19/12/14,6.325
22/12/14,6.255
23/12/14,6.35
24/12/14,6.11
26/12/14,6.105
29/12/14,6.15
30/12/14,6.02
31/12/14,5.895
02/01/15,5.815
05/01/15,5.89
06/01/15,5.915
07/01/15,5.79
08/01/15,5.67
09/01/15,5.635
12/01/15,5.55
13/01/15,5.48
14/01/15,5.375
15/01/15,5.325
16/01/15,5.325
20/01/15,5.37
21/01/15,5.365
22/01/15,5.335
23/01/15,5.3
26/01/15,5.2
27/01/15,5.19
28/01/15,5.055
29/01/15,5.075
30/01/15,5.025
02/02/15,4.925
03/02/15,5.135
04/02/15,5.11
05/02/15,5.255
06/02/15,5.27
09/02/15,5.295
10/02/15,5.215
11/02/15,5.255
12/02/15,5.215
13/02/15,5.33
17/02/15,5.345
18/02/15,5.275
19/02/15,5.275
20/02/15,5.105
23/02/15,5.055
24/02/15,5.051
25/02/15,4.975
26/02/15,5.014
27/02/15,5.138
02/03/15,5
03/03/15,5.06
04/03/15,4.96
05/03/15,4.8
06/03/15,4.82
09/03/15,4.9
10/03/15,4.935
11/03/15,4.99
12/03/15,5.0725
13/03/15,5.02
16/03/15,5.14
17/03/15,5.035
18/03/15,5.1075
19/03/15,5.12
20/03/15,5.3
23/03/15,5.34
24/03/15,5.235
25/03/15,5.19
26/03/15,4.9925
27/03/15,5.0775
30/03/15,5.3025
31/03/15,5.1175
01/04/15,5.285
02/04/15,5.3625
06/04/15,5.2775
07/04/15,5.26
08/04/15,5.2625
09/04/15,5.1875
10/04/15,5.265
13/04/15,5.0225
14/04/15,4.97
15/04/15,4.9075
16/04/15,4.945
17/04/15,4.945
20/04/15,4.9875
21/04/15,5.0075
22/04/15,4.9875
23/04/15,4.9775
24/04/15,4.86
27/04/15,4.7085
28/04/15,4.734
29/04/15,4.81
30/04/15,4.726
01/05/15,4.74
04/05/15,4.7275
05/05/15,4.665
06/05/15,4.7925
07/05/15,4.7275
08/05/15,4.815
11/05/15,4.81
12/05/15,4.805
13/05/15,4.815
14/05/15,5.1425
15/05/15,5.11
18/05/15,5.2175
19/05/15,5.1025
20/05/15,5.13
21/05/15,5.22
22/05/15,5.1525
26/05/15,4.935
27/05/15,4.8775
28/05/15,4.8875
29/05/15,4.77
01/06/15,4.9375
02/06/15,5.125
03/06/15,5.1075
04/06/15,5.2375
05/06/15,5.17
08/06/15,5.28
09/06/15,5.3225
10/06/15,5.135
11/06/15,5.0425
12/06/15,5.0375
15/06/15,4.8925
16/06/15,4.8875
17/06/15,4.9125
18/06/15,4.88
19/06/15,4.885
22/06/15,5.0125
23/06/15,5.215
24/06/15,5.18
25/06/15,5.332
26/06/15,5.6455
29/06/15,5.823
30/06/15,6.1555
01/07/15,5.885
02/07/15,5.905
06/07/15,5.955
07/07/15,5.8525
08/07/15,5.775
09/07/15,5.78
10/07/15,5.76
13/07/15,5.7575
14/07/15,5.71
15/07/15,5.6675
16/07/15,5.6225
17/07/15,5.54
20/07/15,5.3275
21/07/15,5.2475
22/07/15,5.1675
23/07/15,5.215
24/07/15,5.1175
27/07/15,5.025
28/07/15,5.1075
29/07/15,4.9625
30/07/15,4.965
31/07/15,4.9925
03/08/15,4.99
04/08/15,4.935
05/08/15,5.02
06/08/15,5.07
07/08/15,5.105
10/08/15,5.255
11/08/15,5.0725
12/08/15,4.9225
13/08/15,5.0325
14/08/15,5.065
17/08/15,5.005
18/08/15,4.9425
19/08/15,4.9625
20/08/15,5.0625
21/08/15,4.995
24/08/15,5.0325
25/08/15,4.95
26/08/15,4.9065
27/08/15,4.8645
28/08/15,4.8105
31/08/15,4.845
01/09/15,4.8625
02/09/15,4.79
03/09/15,4.6525
04/09/15,4.6775
08/09/15,4.75
09/09/15,4.7225
10/09/15,4.78
11/09/15,4.85
14/09/15,5.0125
15/09/15,4.9475
16/09/15,4.8825
17/09/15,4.815
18/09/15,4.8675
21/09/15,4.9675
22/09/15,4.955
23/09/15,5.075
24/09/15,4.9725
25/09/15,5.0775
28/09/15,5.055
29/09/15,5.0375
30/09/15,5.1275
01/10/15,5.1825
02/10/15,5.1325
05/10/15,5.155
06/10/15,5.2625
07/10/15,5.1675
08/10/15,5.115
09/10/15,5.0925
12/10/15,5.0675
13/10/15,5.19
14/10/15,5.0825
15/10/15,5.025
16/10/15,4.9225
19/10/15,4.8575
20/10/15,4.9125
21/10/15,4.9475
22/10/15,4.9075
23/10/15,4.905
26/10/15,5.09
27/10/15,5.0925
28/10/15,5.06
29/10/15,5.15
30/10/15,5.22
02/11/15,5.08
03/11/15,5.165
04/11/15,5.2625
05/11/15,5.2625
06/11/15,5.2325
09/11/15,5.0175
10/11/15,4.9075
11/11/15,4.9475
12/11/15,4.98
13/11/15,4.9575
16/11/15,4.94
17/11/15,4.875
18/11/15,4.8325
19/11/15,4.9075
20/11/15,4.885
23/11/15,4.95
24/11/15,4.851
25/11/15,4.8255
27/11/15,4.737
30/11/15,4.724
01/12/15,4.715
02/12/15,4.6725
03/12/15,4.7875
04/12/15,4.845
07/12/15,4.8275
08/12/15,4.815
09/12/15,4.8975
10/12/15,4.955
11/12/15,4.905
14/12/15,4.935
15/12/15,4.9425
16/12/15,4.835
17/12/15,4.84
18/12/15,4.8675
21/12/15,4.79
22/12/15,4.7175
23/12/15,4.695
24/12/15,4.675
28/12/15,4.665
29/12/15,4.7575
30/12/15,4.6975
31/12/15,4.7
04/01/16,4.5825
05/01/16,4.6125
06/01/16,4.6275
07/01/16,4.685
08/01/16,4.785
11/01/16,4.69
12/01/16,4.8125
13/01/16,4.78
14/01/16,4.6875
15/01/16,4.7375
19/01/16,4.745
20/01/16,4.715
21/01/16,4.75
22/01/16,4.755
25/01/16,4.815
26/01/16,4.8475
27/01/16,4.765
28/01/16,4.7225
29/01/16,4.7925
01/02/16,4.7525
02/02/16,4.7525
03/02/16,4.8
04/02/16,4.7275
05/02/16,4.6675
08/02/16,4.585
09/02/16,4.575
10/02/16,4.6125
11/02/16,4.5825
12/02/16,4.575
16/02/16,4.6425
17/02/16,4.685
18/02/16,4.6225
19/02/16,4.6175
22/02/16,4.585
23/02/16,4.48
24/02/16,4.4445
25/02/16,4.4875
26/02/16,4.4865
29/02/16,4.516
01/03/16,4.46
02/03/16,4.5025
03/03/16,4.5975
04/03/16,4.6075
07/03/16,4.6275
08/03/16,4.6525
09/03/16,4.6825
10/03/16,4.77
11/03/16,4.7575
14/03/16,4.7875
15/03/16,4.7725
16/03/16,4.7075
17/03/16,4.625
18/03/16,4.63
21/03/16,4.665
22/03/16,4.6675
23/03/16,4.63
24/03/16,4.63
28/03/16,4.71
29/03/16,4.7675
30/03/16,4.64
31/03/16,4.735
01/04/16,4.7575
04/04/16,4.7475
05/04/16,4.74
06/04/16,4.63
07/04/16,4.57
08/04/16,4.6025
11/04/16,4.4725
12/04/16,4.525
13/04/16,4.615
14/04/16,4.5975
15/04/16,4.5975
18/04/16,4.7275
19/04/16,4.8625
20/04/16,5.0425
21/04/16,4.9575
22/04/16,4.67
25/04/16,4.7125
26/04/16,4.8135
27/04/16,4.7795
28/04/16,4.815
29/04/16,4.864
02/05/16,4.8775
03/05/16,4.7075
04/05/16,4.7125
05/05/16,4.6325
06/05/16,4.6375
09/05/16,4.565
10/05/16,4.6125
11/05/16,4.59
12/05/16,4.68
13/05/16,4.7475
16/05/16,4.7475
17/05/16,4.8175
18/05/16,4.8
19/05/16,4.6875
20/05/16,4.6775
23/05/16,4.62
24/05/16,4.64
25/05/16,4.66
26/05/16,4.8125
27/05/16,4.815
31/05/16,4.645
01/06/16,4.7375
02/06/16,4.855
03/06/16,4.9725
06/06/16,5.075
07/06/16,5.09
08/06/16,5.195
09/06/16,5.1025
10/06/16,4.95
13/06/16,4.9125
14/06/16,4.85
15/06/16,4.775
16/06/16,4.725
17/06/16,4.8125
20/06/16,4.73
21/06/16,4.585
22/06/16,4.5875
23/06/16,4.5425
24/06/16,4.5475
27/06/16,4.4905
28/06/16,4.4915
29/06/16,4.385
30/06/16,4.4265
01/07/16,4.3025
05/07/16,4.335
06/07/16,4.285
07/07/16,4.255
08/07/16,4.35
11/07/16,4.305
12/07/16,4.385
13/07/16,4.3975
14/07/16,4.34
15/07/16,4.2475
18/07/16,4.295
19/07/16,4.18
20/07/16,4.13
21/07/16,4.1775
22/07/16,4.2525
25/07/16,4.29
26/07/16,4.15
27/07/16,4.1475
28/07/16,4.1025
29/07/16,4.0775
01/08/16,4.06
02/08/16,4.0125
03/08/16,4.1025
04/08/16,4.0325
05/08/16,4.16
08/08/16,4.17
09/08/16,4.17
10/08/16,4.2175
11/08/16,4.1625
12/08/16,4.225
15/08/16,4.22
16/08/16,4.235
17/08/16,4.26
18/08/16,4.27
19/08/16,4.27
22/08/16,4.1525
23/08/16,4.0775
24/08/16,4.04
25/08/16,4.0125
26/08/16,3.883
29/08/16,3.811
30/08/16,3.8065
31/08/16,3.828
01/09/16,3.9475
02/09/16,3.9925
06/09/16,3.985
07/09/16,4.0275
08/09/16,4.06
09/09/16,4.035
12/09/16,4.0925
13/09/16,4.01
14/09/16,4.03
15/09/16,3.995
16/09/16,4.0325
19/09/16,4.04
20/09/16,4.06
21/09/16,4.0775
22/09/16,4.055
23/09/16,4.0475
26/09/16,3.96
27/09/16,4.04
28/09/16,4.0325
29/09/16,3.99
30/09/16,4.02
03/10/16,3.955
04/10/16,3.955
05/10/16,4.05
06/10/16,3.9575
07/10/16,3.9475
10/10/16,4.0375
11/10/16,4.0725
12/10/16,3.9675
13/10/16,4.16
14/10/16,4.21
17/10/16,4.2375
18/10/16,4.2
19/10/16,4.2025
20/10/16,4.17
21/10/16,4.145
24/10/16,4.025
25/10/16,4.0425
26/10/16,4.115
27/10/16,4.145
28/10/16,4.085
31/10/16,4.1625
01/11/16,4.1425
02/11/16,4.1775
03/11/16,4.12
04/11/16,4.1425
07/11/16,4.1
08/11/16,4.1525
09/11/16,4.0675
10/11/16,4.0475
11/11/16,4.03
14/11/16,3.94
15/11/16,3.99
16/11/16,3.97
17/11/16,4.03
18/11/16,4.08
21/11/16,4.1025
22/11/16,4.0725
23/11/16,4.015
25/11/16,4.005
28/11/16,4.003
29/11/16,3.9885
30/11/16,3.983
01/12/16,3.955
02/12/16,4.0425
05/12/16,4.0825
06/12/16,4.0675
07/12/16,4.01
08/12/16,4.0825
09/12/16,4.1625
12/12/16,4.1725
13/12/16,4.175
14/12/16,4.18
15/12/16,4.0925
16/12/16,4.0925
19/12/16,4.05
20/12/16,4.0325
21/12/16,3.995
22/12/16,3.97
23/12/16,3.935
27/12/16,4.095
28/12/16,4.015
29/12/16,4.0475
30/12/16,4.08
03/01/17,4.065
04/01/17,4.185
05/01/17,4.2625
06/01/17,4.2325
09/01/17,4.2725
10/01/17,4.2675
11/01/17,4.1875
12/01/17,4.2625
13/01/17,4.26
17/01/17,4.335
18/01/17,4.31
19/01/17,4.235
20/01/17,4.2825
23/01/17,4.3325
24/01/17,4.2675
25/01/17,4.245
26/01/17,4.27
27/01/17,4.205
30/01/17,4.14
31/01/17,4.2075
01/02/17,4.3375
02/02/17,4.345
03/02/17,4.3025
06/02/17,4.225
07/02/17,4.3075
08/02/17,4.325
09/02/17,4.435
10/02/17,4.49
13/02/17,4.5225
14/02/17,4.495
15/02/17,4.5475
16/02/17,4.4775
17/02/17,4.41
21/02/17,4.36
22/02/17,4.4125
23/02/17,4.411
24/02/17,4.3795
27/02/17,4.3075
28/02/17,4.3995
01/03/17,4.57
02/03/17,4.5275
03/03/17,4.535
06/03/17,4.585
07/03/17,4.565
08/03/17,4.47
09/03/17,4.44
10/03/17,4.405
13/03/17,4.305
14/03/17,4.305
15/03/17,4.36
16/03/17,4.36
17/03/17,4.3625
20/03/17,4.3025
21/03/17,4.265
22/03/17,4.2225
23/03/17,4.21
24/03/17,4.2475
27/03/17,4.2075
28/03/17,4.245
29/03/17,4.255
30/03/17,4.21
31/03/17,4.265
03/04/17,4.2775
04/04/17,4.27
05/04/17,4.2975
06/04/17,4.2325
07/04/17,4.24
10/04/17,4.2875
11/04/17,4.3325
12/04/17,4.3325
13/04/17,4.2975
17/04/17,4.21
18/04/17,4.225
19/04/17,4.19
20/04/17,4.0625
21/04/17,4.05
24/04/17,4.025
25/04/17,4.124
26/04/17,4.1525
27/04/17,4.2415
28/04/17,4.295
01/05/17,4.56
02/05/17,4.54
03/05/17,4.54
04/05/17,4.3775
05/05/17,4.4225
08/05/17,4.335
09/05/17,4.295
10/05/17,4.3175
11/05/17,4.3375
12/05/17,4.3275
15/05/17,4.2325
16/05/17,4.2425
17/05/17,4.27
18/05/17,4.2575
19/05/17,4.3525
22/05/17,4.3425
23/05/17,4.295
24/05/17,4.325
25/05/17,4.3075
26/05/17,4.3825
30/05/17,4.295
31/05/17,4.2925
01/06/17,4.29
02/06/17,4.295
05/06/17,4.295
06/06/17,4.3575
07/06/17,4.4475
08/06/17,4.4925
09/06/17,4.4575
12/06/17,4.34
13/06/17,4.45
14/06/17,4.43
15/06/17,4.5375
16/06/17,4.6525
19/06/17,4.67
20/06/17,4.725
21/06/17,4.645
22/06/17,4.6125
23/06/17,4.5975
26/06/17,4.5
27/06/17,4.564
28/06/17,4.6355
29/06/17,4.897
30/06/17,5.23
03/07/17,5.55
05/07/17,5.6
06/07/17,5.39
07/07/17,5.35
10/07/17,5.5
11/07/17,5.53
12/07/17,5.37
13/07/17,5.1175
14/07/17,5.1075
17/07/17,5.06
18/07/17,5.0375
19/07/17,5.03
20/07/17,5.0575
21/07/17,4.9925
24/07/17,4.8875
25/07/17,4.74
26/07/17,4.7775
27/07/17,4.7975
28/07/17,4.81
31/07/17,4.745
01/08/17,4.6125
02/08/17,4.6075
03/08/17,4.5775
04/08/17,4.5475
07/08/17,4.635
08/08/17,4.57
09/08/17,4.595
10/08/17,4.405
11/08/17,4.3925
14/08/17,4.41
15/08/17,4.295
16/08/17,4.1925
17/08/17,4.14
18/08/17,4.16
21/08/17,4.095
22/08/17,4.0225
23/08/17,4.0325
24/08/17,4.09
25/08/17,4.095
28/08/17,4.056
29/08/17,4.1355
30/08/17,4.1925
31/08/17,4.2965
01/09/17,4.3875
05/09/17,4.43
06/09/17,4.4575
07/09/17,4.3725
08/09/17,4.3775
11/09/17,4.3475
12/09/17,4.42
13/09/17,4.4325
14/09/17,4.43
15/09/17,4.49
18/09/17,4.435
19/09/17,4.43
20/09/17,4.4975
21/09/17,4.525
22/09/17,4.495
25/09/17,4.54
26/09/17,4.5375
27/09/17,4.615
28/09/17,4.55
29/09/17,4.4825
02/10/17,4.4475
03/10/17,4.48
04/10/17,4.42
05/10/17,4.4075
06/10/17,4.435
09/10/17,4.36
10/10/17,4.3525
11/10/17,4.3325
12/10/17,4.305
13/10/17,4.395
16/10/17,4.365
17/10/17,4.3475
18/10/17,4.3
19/10/17,4.3275
20/10/17,4.26
23/10/17,4.3675
24/10/17,4.38
25/10/17,4.355
26/10/17,4.3175
27/10/17,4.2725
30/10/17,4.2475
31/10/17,4.185
01/11/17,4.18
02/11/17,4.26
03/11/17,4.2575
06/11/17,4.3075
07/11/17,4.2725
08/11/17,4.2675
09/11/17,4.29
10/11/17,4.315
13/11/17,4.2425
14/11/17,4.28
15/11/17,4.2
16/11/17,4.215
17/11/17,4.2725
20/11/17,4.22
21/11/17,4.2475
22/11/17,4.2275
24/11/17,4.1575
27/11/17,4.1325
28/11/17,4.1815
29/11/17,4.2745
30/11/17,4.2825
01/12/17,4.385
04/12/17,4.3525
05/12/17,4.3275
06/12/17,4.2525
07/12/17,4.215
08/12/17,4.19
11/12/17,4.135
12/12/17,4.1075
13/12/17,4.1675
14/12/17,4.1825
15/12/17,4.1825
18/12/17,4.205
19/12/17,4.195
20/12/17,4.235
21/12/17,4.27
22/12/17,4.2475
26/12/17,4.2225
27/12/17,4.28
28/12/17,4.2775
29/12/17,4.27
02/01/18,4.335
03/01/18,4.36
04/01/18,4.34
05/01/18,4.3075
08/01/18,4.2775
09/01/18,4.3225
10/01/18,4.3425
11/01/18,4.3325
12/01/18,4.205
16/01/18,4.165
17/01/18,4.215
18/01/18,4.2525
19/01/18,4.2275
22/01/18,4.2575
23/01/18,4.215
24/01/18,4.33
25/01/18,4.345
26/01/18,4.41
29/01/18,4.4925
30/01/18,4.5725
31/01/18,4.5175
01/02/18,4.51
02/02/18,4.4675
05/02/18,4.4025
06/02/18,4.4625
07/02/18,4.605
08/02/18,4.5625
09/02/18,4.49
12/02/18,4.64
13/02/18,4.6075
14/02/18,4.5575
15/02/18,4.6175
16/02/18,4.5775
20/02/18,4.4925
21/02/18,4.4725
22/02/18,4.5125
23/02/18,4.5465
26/02/18,4.648
27/02/18,4.715
28/02/18,4.929
01/03/18,5.155
02/03/18,5
05/03/18,5.0925
06/03/18,5.07
07/03/18,4.9725
08/03/18,4.9925
09/03/18,4.8925
12/03/18,4.9075
13/03/18,4.865
14/03/18,4.8875
15/03/18,4.7875
16/03/18,4.6775
19/03/18,4.5075
20/03/18,4.53
21/03/18,4.535
22/03/18,4.5575
23/03/18,4.6025
26/03/18,4.5425
27/03/18,4.49
28/03/18,4.455
29/03/18,4.51
02/04/18,4.4625
03/04/18,4.575
04/04/18,4.5575
05/04/18,4.6475
06/04/18,4.7225
09/04/18,4.9075
10/04/18,4.92
11/04/18,4.8725
12/04/18,4.81
13/04/18,4.725
16/04/18,4.6225
17/04/18,4.6625
18/04/18,4.7525
19/04/18,4.7675
20/04/18,4.6325
23/04/18,4.615
24/04/18,4.725
25/04/18,4.888
26/04/18,4.8425
27/04/18,4.973
30/04/18,5.109
01/05/18,5.2925
02/05/18,5.2675
03/05/18,5.38
04/05/18,5.2625
07/05/18,5.115
08/05/18,5.145
09/05/18,5.105
10/05/18,5.065
11/05/18,4.9875
14/05/18,4.9125
15/05/18,4.935
16/05/18,4.9425
17/05/18,4.975
18/05/18,5.1825
21/05/18,5.0725
22/05/18,5.215
23/05/18,5.31
24/05/18,5.3025
25/05/18,5.43
29/05/18,5.365
30/05/18,5.22
31/05/18,5.2625
01/06/18,5.2325
04/06/18,5.0525
05/06/18,5.1
06/06/18,5.1975
07/06/18,5.2675
08/06/18,5.2
11/06/18,5.145
12/06/18,5.345
13/06/18,5.165
14/06/18,5.015
15/06/18,4.995
18/06/18,4.9
19/06/18,4.7775
20/06/18,4.8825
21/06/18,4.9525
22/06/18,4.9125
25/06/18,4.7675
26/06/18,4.722
27/06/18,4.831
28/06/18,4.819
29/06/18,5.005
02/07/18,4.8025
03/07/18,4.91
05/07/18,5.055
06/07/18,5.1525
09/07/18,5.08
10/07/18,4.92
11/07/18,4.7175
12/07/18,4.845
13/07/18,4.97
16/07/18,4.885
17/07/18,4.9775
18/07/18,4.945
19/07/18,5.0425
20/07/18,5.16
23/07/18,5.1375
24/07/18,5.1025
25/07/18,5.4275
26/07/18,5.365
27/07/18,5.305
30/07/18,5.465
31/07/18,5.5375
01/08/18,5.5825
02/08/18,5.605
03/08/18,5.5625
06/08/18,5.745
07/08/18,5.6825
08/08/18,5.7
09/08/18,5.645
10/08/18,5.4675
13/08/18,5.335
14/08/18,5.4175
15/08/18,5.3225
16/08/18,5.4225
17/08/18,5.605
20/08/18,5.4225
21/08/18,5.2725
22/08/18,5.26
23/08/18,5.22
24/08/18,5.1475
27/08/18,4.9925
28/08/18,5.0325
29/08/18,5.2615
30/08/18,5.242
31/08/18,5.401
04/09/18,5.315
05/09/18,5.2175
06/09/18,5.1375
07/09/18,5.1125
10/09/18,5.2825
11/09/18,5.1875
12/09/18,5.0675
13/09/18,4.97
14/09/18,5.115
17/09/18,5.0625
18/09/18,5.105
19/09/18,5.225
20/09/18,5.24
21/09/18,5.2175
24/09/18,5.27
25/09/18,5.2075
26/09/18,5.175
27/09/18,5.13
28/09/18,5.09
01/10/18,5.095
02/10/18,5.1925
03/10/18,5.1525
04/10/18,5.18
05/10/18,5.21
08/10/18,5.14
09/10/18,5.15
10/10/18,5.105
11/10/18,5.08
12/10/18,5.1725
15/10/18,5.25
16/10/18,5.235
17/10/18,5.175
18/10/18,5.13
19/10/18,5.1475
22/10/18,5.08
23/10/18,5.09
24/10/18,4.995
25/10/18,4.8725
26/10/18,5.0525
29/10/18,5.0725
30/10/18,4.9975
31/10/18,5.005
01/11/18,5.08
02/11/18,5.0875
05/11/18,5.0725
06/11/18,5.12
07/11/18,5.1025
08/11/18,5.0775
09/11/18,5.02
12/11/18,5.1975
13/11/18,5.0775
14/11/18,5.03
15/11/18,5.055
16/11/18,5.0675
19/11/18,4.985
20/11/18,5.0075
21/11/18,4.9875
23/11/18,4.9975
26/11/18,5.075
27/11/18,4.997
28/11/18,5.031
29/11/18,5.0325
30/11/18,5.1575
03/12/18,5.2125
04/12/18,5.225
05/12/18,5.18
06/12/18,5.155
07/12/18,5.3125
10/12/18,5.2525
11/12/18,5.21
12/12/18,5.265
13/12/18,5.36
14/12/18,5.3
17/12/18,5.3525
18/12/18,5.3275
19/12/18,5.225
20/12/18,5.235
21/12/18,5.14
24/12/18,5.165
26/12/18,5.1
27/12/18,5.105
28/12/18,5.115
31/12/18,5.0325
02/01/19,5.0675
03/01/19,5.1375
04/01/19,5.17
07/01/19,5.1675
08/01/19,5.1775
09/01/19,5.2
10/01/19,5.1375
11/01/19,5.195
14/01/19,5.1425
15/01/19,5.11
16/01/19,5.125
17/01/19,5.1775
18/01/19,5.1775
22/01/19,5.2125
23/01/19,5.26
24/01/19,5.215
25/01/19,5.2
28/01/19,5.1875
29/01/19,5.1325
30/01/19,5.1675
31/01/19,5.165
01/02/19,5.2425
04/02/19,5.2575
05/02/19,5.2725
06/02/19,5.26
07/02/19,5.1325
08/02/19,5.1725
11/02/19,5.1825
12/02/19,5.2
13/02/19,5.2225
14/02/19,5.07
15/02/19,5.0425
19/02/19,4.8975
20/02/19,4.8075
21/02/19,4.865
22/02/19,4.8675
25/02/19,4.6795
26/02/19,4.6345
27/02/19,4.6445
28/02/19,4.581
01/03/19,4.5725
04/03/19,4.555
05/03/19,4.6275
06/03/19,4.5
07/03/19,4.3825
08/03/19,4.395
11/03/19,4.285
12/03/19,4.53
13/03/19,4.4725
14/03/19,4.5275
15/03/19,4.6225
18/03/19,4.5675
19/03/19,4.565
20/03/19,4.6475
21/03/19,4.665
22/03/19,4.66
25/03/19,4.695
26/03/19,4.6925
27/03/19,4.695
28/03/19,4.645
29/03/19,4.5775
01/04/19,4.6275
02/04/19,4.64
03/04/19,4.71
04/04/19,4.7075
05/04/19,4.6775
08/04/19,4.6525
09/04/19,4.595
10/04/19,4.58
11/04/19,4.605
12/04/19,4.645
15/04/19,4.595
16/04/19,4.45
17/04/19,4.47
18/04/19,4.4425
22/04/19,4.3575
23/04/19,4.3875
24/04/19,4.3225
25/04/19,4.361
26/04/19,4.38
29/04/19,4.3185
30/04/19,4.267
01/05/19,4.36
02/05/19,4.44
03/05/19,4.38
06/05/19,4.3725
07/05/19,4.395
08/05/19,4.39
09/05/19,4.295
10/05/19,4.2475
13/05/19,4.37
14/05/19,4.485
15/05/19,4.4875
16/05/19,4.67
17/05/19,4.65
20/05/19,4.7825
21/05/19,4.7875
22/05/19,4.7275
23/05/19,4.7025
24/05/19,4.895
28/05/19,5.0475
29/05/19,4.905
30/05/19,5.145
31/05/19,5.03
03/06/19,5.1975
04/06/19,5.0725
05/06/19,4.9075
06/06/19,5.1
07/06/19,5.045
10/06/19,5.075
11/06/19,5.18
12/06/19,5.2625
13/06/19,5.355
14/06/19,5.385
17/06/19,5.395
18/06/19,5.315
19/06/19,5.2225
20/06/19,5.265
21/06/19,5.26
24/06/19,5.38
25/06/19,5.366
26/06/19,5.4485
27/06/19,5.4705
28/06/19,5.274
01/07/19,5.1175
02/07/19,5.0325
03/07/19,5.14
05/07/19,5.15
08/07/19,5.11
09/07/19,5.0275
10/07/19,5.0475
11/07/19,5.215
12/07/19,5.23
15/07/19,5.0775
16/07/19,5.075
17/07/19,5.055
18/07/19,4.935
19/07/19,5.025
22/07/19,4.8725
23/07/19,4.8725
24/07/19,4.9775
25/07/19,4.995
26/07/19,4.96
29/07/19,5.035
30/07/19,4.9725
31/07/19,4.8725
01/08/19,4.7575
02/08/19,4.9075
05/08/19,4.945
06/08/19,4.84
07/08/19,4.8825
08/08/19,4.985
09/08/19,4.995
12/08/19,4.7175
13/08/19,4.72
14/08/19,4.7375
15/08/19,4.69
16/08/19,4.7075
19/08/19,4.655
20/08/19,4.6
21/08/19,4.625
22/08/19,4.6725
23/08/19,4.7525
26/08/19,4.73
27/08/19,4.7435
28/08/19,4.7345
29/08/19,4.7155
30/08/19,4.6025
03/09/19,4.535
04/09/19,4.6075
05/09/19,4.6625
06/09/19,4.6375
09/09/19,4.745
10/09/19,4.8225
11/09/19,4.775
12/09/19,4.8375
13/09/19,4.835
16/09/19,4.8875
17/09/19,4.8425
18/09/19,4.895
19/09/19,4.88
20/09/19,4.8425
23/09/19,4.83
24/09/19,4.8175
25/09/19,4.7725
26/09/19,4.8425
27/09/19,4.8725
30/09/19,4.9575
01/10/19,4.9875
02/10/19,4.89
03/10/19,4.8875
04/10/19,4.905
07/10/19,4.8925
08/10/19,5.0025
09/10/19,5.0025
10/10/19,4.93
11/10/19,5.08
14/10/19,5.11
15/10/19,5.07
16/10/19,5.1325
17/10/19,5.255
18/10/19,5.3225
21/10/19,5.235
22/10/19,5.18
23/10/19,5.2075
24/10/19,5.16
25/10/19,5.1775
28/10/19,5.1175
29/10/19,5.115
30/10/19,5.0925
31/10/19,5.0875
01/11/19,5.16
04/11/19,5.0975
05/11/19,5.1525
06/11/19,5.1675
07/11/19,5.125
08/11/19,5.1025
11/11/19,5.0575
12/11/19,5.17
13/11/19,5.09
14/11/19,5.0775
15/11/19,5.0275
18/11/19,5.0725
19/11/19,5.12
20/11/19,5.155
21/11/19,5.09
22/11/19,5.1525
25/11/19,5.314
26/11/19,5.3055
27/11/19,5.2745
29/11/19,5.429
02/12/19,5.3525
03/12/19,5.2525
04/12/19,5.275
05/12/19,5.2375
06/12/19,5.245
09/12/19,5.2275
10/12/19,5.2375
11/12/19,5.1925
12/12/19,5.3025
13/12/19,5.325
16/12/19,5.4975
17/12/19,5.5625
18/12/19,5.4825
19/12/19,5.4525
20/12/19,5.4225
23/12/19,5.395
24/12/19,5.41
26/12/19,5.49
27/12/19,5.5625
30/12/19,5.56
31/12/19,5.5875
02/01/20,5.6025
03/01/20,5.545
06/01/20,5.5
07/01/20,5.5025
08/01/20,5.5275
09/01/20,5.6225
10/01/20,5.645
13/01/20,5.6225
14/01/20,5.685
15/01/20,5.7325
16/01/20,5.6525
17/01/20,5.705
21/01/20,5.815
22/01/20,5.7775
23/01/20,5.805
24/01/20,5.735
27/01/20,5.7225
28/01/20,5.6975
29/01/20,5.6225
30/01/20,5.605
31/01/20,5.5375
03/02/20,5.555
04/02/20,5.5725
05/02/20,5.62
06/02/20,5.5625
07/02/20,5.5875
10/02/20,5.52
11/02/20,5.42
12/02/20,5.475
13/02/20,5.4425
14/02/20,5.4275
18/02/20,5.6675
19/02/20,5.6525
20/02/20,5.6
21/02/20,5.51
24/02/20,5.3625
25/02/20,5.386
26/02/20,5.3845
27/02/20,5.282
28/02/20,5.258
02/03/20,5.2325
03/03/20,5.2725
04/03/20,5.1825
05/03/20,5.1875
06/03/20,5.1575
09/03/20,5.1875
10/03/20,5.2225
11/03/20,5.1275
12/03/20,5.055
13/03/20,5.06
16/03/20,4.98
17/03/20,4.9925
18/03/20,5.0825
19/03/20,5.35
20/03/20,5.3925
23/03/20,5.625
24/03/20,5.615
25/03/20,5.8
26/03/20,5.69
27/03/20,5.7125
30/03/20,5.695
31/03/20,5.6875
01/04/20,5.5025
02/04/20,5.4175
03/04/20,5.4925
06/04/20,5.5575
07/04/20,5.4925
08/04/20,5.4825
09/04/20,5.565
13/04/20,5.55
14/04/20,5.4875
15/04/20,5.4025
16/04/20,5.2975
17/04/20,5.335
20/04/20,5.4875
21/04/20,5.4675
22/04/20,5.43
23/04/20,5.47
24/04/20,5.2675
27/04/20,5.2175
28/04/20,5.2645
29/04/20,5.177
30/04/20,5.2535
01/05/20,5.165
04/05/20,5.195
05/05/20,5.2075
06/05/20,5.175
07/05/20,5.225
08/05/20,5.22
11/05/20,5.1725
12/05/20,5.145
13/05/20,5.0175
14/05/20,5.0225
15/05/20,5.0025
18/05/20,4.97
19/05/20,4.9875
20/05/20,5.1375
21/05/20,5.16
22/05/20,5.0875
26/05/20,5.0675
27/05/20,5.045
28/05/20,5.145
29/05/20,5.2075
01/06/20,5.1525
02/06/20,5.08
03/06/20,5.12
04/06/20,5.2375
05/06/20,5.1525
08/06/20,5.115
09/06/20,5.045
10/06/20,5.0625
11/06/20,4.9925
12/06/20,5.02
15/06/20,5.0475
16/06/20,4.96
17/06/20,4.8875
18/06/20,4.835
19/06/20,4.8125
22/06/20,4.85
23/06/20,4.86
24/06/20,4.8125
25/06/20,4.8705
26/06/20,4.747
29/06/20,4.861
30/06/20,4.914
01/07/20,4.9875
02/07/20,4.92
06/07/20,4.9325
07/07/20,4.9525
08/07/20,5.165
09/07/20,5.25
10/07/20,5.34
13/07/20,5.2475
14/07/20,5.2675
15/07/20,5.5075
16/07/20,5.3525
17/07/20,5.3475
20/07/20,5.22
21/07/20,5.2775
22/07/20,5.345
23/07/20,5.295
24/07/20,5.395
27/07/20,5.2775
28/07/20,5.235
29/07/20,5.3275
30/07/20,5.295
31/07/20,5.3125
03/08/20,5.21
04/08/20,5.0825
05/08/20,5.1075
06/08/20,5.0125
07/08/20,4.955
10/08/20,4.91
11/08/20,4.95
12/08/20,4.9125
13/08/20,4.9675
14/08/20,5
17/08/20,5.165
18/08/20,5.075
19/08/20,5.12
20/08/20,5.195
21/08/20,5.2725
24/08/20,5.2075
25/08/20,5.2725
26/08/20,5.3355
27/08/20,5.458
28/08/20,5.4495
31/08/20,5.5065
01/09/20,5.64
02/09/20,5.5825
03/09/20,5.5325
04/09/20,5.5025
08/09/20,5.4425
09/09/20,5.4375
10/09/20,5.4825
11/09/20,5.42
14/09/20,5.4575
15/09/20,5.3825
16/09/20,5.42
17/09/20,5.5625
18/09/20,5.75
21/09/20,5.5475
22/09/20,5.58
23/09/20,5.49
24/09/20,5.4975
25/09/20,5.4425
28/09/20,5.5025
29/09/20,5.495
30/09/20,5.78
01/10/20,5.7025
02/10/20,5.7325
05/10/20,5.8425
06/10/20,5.9275
07/10/20,6.075
08/10/20,5.9525
09/10/20,5.9375
12/10/20,5.9425
13/10/20,5.94
14/10/20,5.9675
15/10/20,6.1825
16/10/20,6.2525
19/10/20,6.27
20/10/20,6.32
21/10/20,6.2975
22/10/20,6.2275
23/10/20,6.3275
26/10/20,6.2
27/10/20,6.1575
28/10/20,6.0875
29/10/20,6.0375
30/10/20,5.985
02/11/20,6.075
03/11/20,6.08
04/11/20,6.06
05/11/20,6.0925
06/11/20,6.02
09/11/20,5.975
10/11/20,6.085
11/11/20,5.98
12/11/20,5.8825
13/11/20,5.935
16/11/20,5.98
17/11/20,5.9525
18/11/20,5.9775
19/11/20,5.9175
20/11/20,5.9325
23/11/20,5.9875
24/11/20,6.125
25/11/20,5.9155
27/11/20,6.022
30/11/20,5.8405
01/12/20,5.7725
02/12/20,5.885
03/12/20,5.845
04/12/20,5.755
07/12/20,5.775
08/12/20,5.7
09/12/20,5.8325
10/12/20,5.965
11/12/20,6.145
14/12/20,5.965
15/12/20,5.9975
16/12/20,5.985
17/12/20,6.0875
18/12/20,6.0825
21/12/20,6.1125
22/12/20,6.17
23/12/20,6.2975
24/12/20,6.27
28/12/20,6.1425
29/12/20,6.185
30/12/20,6.4075
31/12/20,6.405
04/01/21,6.42
05/01/21,6.54
06/01/21,6.475
07/01/21,6.4225
08/01/21,6.3875
11/01/21,6.3475
12/01/21,6.65
13/01/21,6.605
14/01/21,6.7
15/01/21,6.755
19/01/21,6.7225
20/01/21,6.6775
21/01/21,6.6075
22/01/21,6.345
25/01/21,6.485
26/01/21,6.6525
27/01/21,6.5825
28/01/21,6.47
29/01/21,6.63
01/02/21,6.51
02/02/21,6.4475
03/02/21,6.4825
04/02/21,6.375
05/02/21,6.4125
08/02/21,6.5575
09/02/21,6.495
10/02/21,6.355
11/02/21,6.335
12/02/21,6.3675
16/02/21,6.575
17/02/21,6.44
18/02/21,6.625
19/02/21,6.5075
22/02/21,6.64
23/02/21,6.6665
24/02/21,6.8235
25/02/21,6.7415
26/02/21,6.592
01/03/21,6.5025
02/03/21,6.6625
03/03/21,6.56
04/03/21,6.51
05/03/21,6.53
08/03/21,6.465
09/03/21,6.565
10/03/21,6.525
11/03/21,6.425
12/03/21,6.385
15/03/21,6.45
16/03/21,6.47
17/03/21,6.4
18/03/21,6.305
19/03/21,6.27
22/03/21,6.2725
23/03/21,6.3475
24/03/21,6.2475
25/03/21,6.125
26/03/21,6.1325
29/03/21,6.1675
30/03/21,6.0175
31/03/21,6.18
01/04/21,6.11
05/04/21,6.18
06/04/21,6.155
07/04/21,6.1625
08/04/21,6.2875
09/04/21,6.3875
12/04/21,6.28
13/04/21,6.2975
14/04/21,6.48
15/04/21,6.5375
16/04/21,6.525
19/04/21,6.5225
20/04/21,6.5975
21/04/21,6.7325
22/04/21,7.1025
23/04/21,7.1025
26/04/21,7.395
27/04/21,7.3355
28/04/21,7.2425
29/04/21,7.324
30/04/21,7.363
03/05/21,7.18
04/05/21,7.2675
05/05/21,7.445
06/05/21,7.5325
07/05/21,7.6175
10/05/21,7.305
11/05/21,7.4175
12/05/21,7.2975
13/05/21,7.015
14/05/21,7.0725
17/05/21,6.9975
18/05/21,6.98
19/05/21,6.7925
20/05/21,6.7525
21/05/21,6.7425
24/05/21,6.6225
25/05/21,6.565
26/05/21,6.485
27/05/21,6.7625
28/05/21,6.635
01/06/21,6.935
02/06/21,6.875
03/06/21,6.7625
04/06/21,6.8775
07/06/21,6.8
08/06/21,6.85
09/06/21,6.8225
10/06/21,6.8375
11/06/21,6.8075
14/06/21,6.745
15/06/21,6.615
16/06/21,6.6275
17/06/21,6.39
18/06/21,6.6275
21/06/21,6.615
22/06/21,6.51
23/06/21,6.6125
24/06/21,6.5125
25/06/21,6.3775
28/06/21,6.482
29/06/21,6.4365
30/06/21,6.779
01/07/21,6.655
02/07/21,6.5275
06/07/21,6.26
07/07/21,6.2225
08/07/21,6.18
09/07/21,6.15
12/07/21,6.4075
13/07/21,6.3375
14/07/21,6.5425
15/07/21,6.72
16/07/21,6.925
19/07/21,6.9775
20/07/21,7.005
21/07/21,7.1075
22/07/21,6.9225
23/07/21,6.84
26/07/21,6.77
27/07/21,6.745
28/07/21,6.8875
29/07/21,7.0525
30/07/21,7.0375
02/08/21,7.295
03/08/21,7.245
04/08/21,7.1725
05/08/21,7.1275
06/08/21,7.19
09/08/21,7.1125
10/08/21,7.27
11/08/21,7.27
12/08/21,7.535
13/08/21,7.6225
16/08/21,7.605
17/08/21,7.345
18/08/21,7.3725
19/08/21,7.275
20/08/21,7.1425
23/08/21,7.1975
24/08/21,7.18
25/08/21,7.1125
26/08/21,7.2805
27/08/21,7.241
30/08/21,7.176
31/08/21,7.1915
01/09/21,7.1425
02/09/21,7.17
03/09/21,7.2625
06/09/21,7.2625
07/09/21,7.1975
08/09/21,7.095
09/09/21,6.9225
10/09/21,6.885
13/09/21,6.87
14/09/21,7.0075
15/09/21,7.1225
16/09/21,7.13
17/09/21,7.0875
20/09/21,7.0075
21/09/21,6.9025
22/09/21,7.0575
23/09/21,7.1775
24/09/21,7.2375
27/09/21,7.2225
28/09/21,7.065
29/09/21,7.1025
30/09/21,7.255
01/10/21,7.5525
04/10/21,7.565
05/10/21,7.4475
06/10/21,7.46
07/10/21,7.4125
08/10/21,7.34
11/10/21,7.3175
12/10/21,7.34
13/10/21,7.1875
14/10/21,7.2475
15/10/21,7.34
18/10/21,7.3625
19/10/21,7.36
20/10/21,7.4925
21/10/21,7.4125
22/10/21,7.56
25/10/21,7.595
26/10/21,7.5225
27/10/21,7.5975
28/10/21,7.725
29/10/21,7.7275
01/11/21,7.9725
02/11/21,7.915
03/11/21,7.81
04/11/21,7.7375
05/11/21,7.665
08/11/21,7.68
09/11/21,7.785
10/11/21,8.03
11/11/21,8.125
12/11/21,8.17
15/11/21,8.2625
16/11/21,8.1025
17/11/21,8.2225
18/11/21,8.2
19/11/21,8.23
22/11/21,8.4575
23/11/21,8.56
24/11/21,8.3945
26/11/21,8.314
29/11/21,8.1635
30/11/21,7.8455
01/12/21,7.905
02/12/21,8.15
03/12/21,8.0375
06/12/21,8.0625
07/12/21,8.085
08/12/21,7.945
09/12/21,7.7675
10/12/21,7.8525
13/12/21,7.8875
14/12/21,7.87
15/12/21,7.56
16/12/21,7.705
17/12/21,7.75
20/12/21,7.7775
21/12/21,7.99
22/12/21,8.14
23/12/21,8.1475
24/12/21,8.1475
26/12/21,8.1475
27/12/21,8.04
28/12/21,7.835
29/12/21,7.8775
30/12/21,7.7975
31/12/21,7.7075
03/01/22,7.58
04/01/22,7.7
05/01/22,7.6075
06/01/22,7.46
07/01/22,7.585
10/01/22,7.62
11/01/22,7.7025
12/01/22,7.5775
13/01/22,7.4675
14/01/22,7.415
18/01/22,7.69
19/01/22,7.965
20/01/22,7.9025
21/01/22,7.8
24/01/22,8.005
25/01/22,8.18
26/01/22,7.95
27/01/22,7.77
28/01/22,7.8625
31/01/22,7.6125
01/02/22,7.69
02/02/22,7.55
03/02/22,7.5175
04/02/22,7.6325
07/02/22,7.6875
08/02/22,7.7875
09/02/22,7.85
10/02/22,7.715
11/02/22,7.9775
14/02/22,7.9925
15/02/22,7.7975
16/02/22,7.805
17/02/22,7.98
18/02/22,7.97
21/02/22,7.97
22/02/22,8.4425
23/02/22,8.7775
24/02/22,9.295
25/02/22,8.5305
28/02/22,9.328
01/03/22,9.84
02/03/22,10.59
03/03/22,11.34
04/03/22,12.09
07/03/22,12.94
08/03/22,12.865
09/03/22,12.015
10/03/22,10.87
11/03/22,11.065
14/03/22,10.9625
15/03/22,11.5425
16/03/22,10.6925
17/03/22,10.98
18/03/22,10.6375
21/03/22,11.1925
22/03/22,11.1825
23/03/22,11.0575
24/03/22,10.8575
25/03/22,11.0225
28/03/22,10.57
29/03/22,10.1425
30/03/22,10.2725
31/03/22,10.06
01/04/22,9.845
04/04/22,10.1025
05/04/22,10.4525
06/04/22,10.3825
07/04/22,10.2
08/04/22,10.515
11/04/22,10.8125
12/04/22,11.0375
13/04/22,11.135
14/04/22,10.965
15/04/22,10.965
18/04/22,11.205
19/04/22,10.99
20/04/22,10.88
21/04/22,10.68
22/04/22,10.655
25/04/22,10.62
26/04/22,10.856
27/04/22,10.845
28/04/22,10.8105
29/04/22,10.5335
02/05/22,10.555
03/05/22,10.455
04/05/22,10.765
05/05/22,11.065
06/05/22,11.085
09/05/22,10.9275
10/05/22,10.9275
11/05/22,11.13
12/05/22,11.7875
13/05/22,11.775
16/05/22,12.475
17/05/22,12.775
18/05/22,12.3075
19/05/22,12.005
20/05/22,11.6875
23/05/22,11.9
24/05/22,11.5475
25/05/22,11.4825
26/05/22,11.4325
27/05/22,11.575
31/05/22,10.875
01/06/22,10.4125
02/06/22,10.5825
03/06/22,10.4
06/06/22,10.93
07/06/22,10.7175
08/06/22,10.7475
09/06/22,10.7125
10/06/22,10.7075
13/06/22,10.71
14/06/22,10.5025
15/06/22,10.5
16/06/22,10.7825
17/06/22,10.3425
20/06/22,10.3425
21/06/22,9.7525
22/06/22,9.765
23/06/22,9.3725
24/06/22,9.2375
27/06/22,9.7564
28/06/22,9.5219
29/06/22,9.7307
30/06/22,9.7616
01/07/22,9.5469
04/07/22,9.1431
05/07/22,9.3548
06/07/22,9.0106
07/07/22,8.8774
08/07/22,9.1969
11/07/22,9.6925
12/07/22,9.575
13/07/22,9.2833
14/07/22,9.365
15/07/22,9.3515
18/07/22,8.888
19/07/22,9.1784
20/07/22,9.2329
21/07/22,9.5459
22/07/22,8.9335
25/07/22,9.0152
26/07/22,9.3485
27/07/22,9.2533
28/07/22,9.3145
29/07/22,9.3758
01/08/22,9.158
02/08/22,9.2193
03/08/22,9.1648
04/08/22,9.3009
05/08/22,9.3077
08/08/22,9.2669
09/08/22,9.2601
10/08/22,9.2397
11/08/22,9.1648
12/08/22,9.2533
15/08/22,9.2465
16/08/22,9.0356
17/08/22,8.9131
18/08/22,8.5525
19/08/22,8.5525
22/08/22,8.7566
23/08/22,9.0356
24/08/22,9.0015
25/08/22,8.9335
26/08/22,9.0015
29/08/22,9.1172
30/08/22,8.9743
31/08/22,8.9947
01/09/22,8.9403
02/09/22,8.8042
05/09/22,8.8178
06/09/22,8.5049
07/09/22,8.8723
08/09/22,8.6886
09/09/22,9.0083
12/09/22,8.9879
13/09/22,9.1512
14/09/22,9.1784
15/09/22,9.0492
16/09/22,9.0968
19/09/22,8.8519
20/09/22,9.2329
21/09/22,9.471
22/09/22,9.5118
23/09/22,9.4166
26/09/22,9.3553
27/09/22,9.5118
28/09/22,9.6343
29/09/22,9.5867
30/09/22,9.7091
03/10/22,9.5595
04/10/22,9.5391
05/10/22,9.5867
06/10/22,9.3826
07/10/22,9.4642
10/10/22,9.9201
11/10/22,9.6615
12/10/22,9.6071
13/10/22,9.6751
14/10/22,9.5254
17/10/22,9.4098
18/10/22,9.1036
19/10/22,9.1308
20/10/22,9.2329
21/10/22,9.2941
24/10/22,9.2397
25/10/22,9.1512
26/10/22,9.0968
27/10/22,9.1444
28/10/22,9.1784
31/10/22,9.5663
01/11/22,9.784
02/11/22,9.2805
03/11/22,9.2737
04/11/22,9.2193
07/11/22,9.1308
08/11/22,8.9539
09/11/22,8.9335
10/11/22,8.8995
11/11/22,8.8995
14/11/22,8.7974
15/11/22,8.6954
16/11/22,8.7022
17/11/22,8.8383
18/11/22,8.8655
21/11/22,9.1308
22/11/22,9.0492
23/11/22,9.2678
24/11/22,9.0643
25/11/22,9.2272
28/11/22,9.1493
29/11/22,9.1651
30/11/22,9.2697
01/12/22,9.3318
02/12/22,9.1766
05/12/22,8.933
06/12/22,8.781
07/12/22,8.7788
08/12/22,8.8438
09/12/22,8.658
12/12/22,8.69
13/12/22,8.8407
14/12/22,8.7805
15/12/22,8.6646
16/12/22,8.5935
19/12/22,8.5809
20/12/22,8.5866
21/12/22,8.7982
22/12/22,8.7195
23/12/22,9.0232
26/12/22,9.0394
27/12/22,9.1105
28/12/22,9.0984
29/12/22,8.9527
30/12/22,8.9571
02/01/23,8.9471
03/01/23,8.6999
04/01/23,8.633
05/01/23,8.6195
06/01/23,8.6977
09/01/23,8.652
10/01/23,8.4953
11/01/23,8.5632
12/01/23,8.5863
13/01/23,8.5057
16/01/23,8.4463
17/01/23,8.4237
18/01/23,8.4678
19/01/23,8.4018
20/01/23,8.399
23/01/23,8.2708
24/01/23,8.3423
25/01/23,8.4536
26/01/23,8.5349
27/01/23,8.4542
30/01/23,8.4927
31/01/23,8.5005
01/02/23,8.5475
02/02/23,8.3955
03/02/23,8.3437
06/02/23,8.4168
07/02/23,8.549
08/02/23,8.601
09/02/23,8.5269
10/02/23,8.6093
13/02/23,8.7217
14/02/23,8.7656
15/02/23,8.602
16/02/23,8.5326
17/02/23,8.6066
20/02/23,8.5648
21/02/23,8.3468
22/02/23,8.0894
23/02/23,8.177
24/02/23,8.0387
27/02/23,8.018
28/02/23,7.8888
01/03/23,7.8848
02/03/23,7.895
03/03/23,7.9024
06/03/23,7.9228
07/03/23,7.738
08/03/23,7.5973
09/03/23,7.5397
10/03/23,7.5817
13/03/23,7.8007
14/03/23,7.8386
15/03/23,7.8436
16/03/23,7.7813
17/03/23,7.8113
20/03/23,7.5119
21/03/23,7.4258
22/03/23,7.3138
23/03/23,7.2326
24/03/23,7.5786
27/03/23,7.831
28/03/23,7.7604
29/03/23,7.8377
30/03/23,7.7772
31/03/23,7.7146
03/04/23,7.645
04/04/23,7.6218
05/04/23,7.5309
06/04/23,7.469
07/04/23,7.5203
10/04/23,7.4321
11/04/23,7.494
12/04/23,7.521
13/04/23,7.4294
14/04/23,7.5269
17/04/23,7.5982
18/04/23,7.7674
19/04/23,7.5546
20/04/23,7.4706
21/04/23,7.3622
24/04/23,7.3412
25/04/23,7.2494
26/04/23,7.3202
27/04/23,7.1533
28/04/23,7.225
01/05/23,7.1205
02/05/23,6.9755
03/05/23,7.0737
04/05/23,7.1406
05/05/23,7.2603
08/05/23,7.1006
09/05/23,6.7213
10/05/23,6.6955
11/05/23,6.8911
12/05/23,6.9732
15/05/23,7.073
16/05/23,6.9341
17/05/23,6.687
18/05/23,6.5101
19/05/23,6.5403
22/05/23,6.5024
23/05/23,6.6316
24/05/23,6.5419
25/05/23,6.4787
26/05/23,6.6368
29/05/23,6.5862
30/05/23,6.4269
31/05/23,6.3459
01/06/23,6.4644
02/06/23,6.5547
05/06/23,6.7563
06/06/23,6.6952
07/06/23,6.6572
08/06/23,6.8396
09/06/23,6.8776
